// Goodix 534b bootloader (IAP) recovery data
//
// Captured from the Windows driver (wbdiMouse.dll, 2020-07) restoring the sensor from
// its IAP bootloader: 99 write_firmware chunks of this blob, check_firmware with this
// HMAC, then a soft MCU reset. Both are constant across runs. The blob is Goodix's
// (device-encrypted) application image data, replayed verbatim like the community
// goodix-fp-dump firmware files.

#pragma once

#define GOODIX_534B_RECOVERY_CHUNK 256
#define GOODIX_534B_RECOVERY_NUMBER 2

static const guint8 goodix_534b_recovery_blob[25296] = {
  0x89, 0xb2, 0xba, 0x2e, 0xc4, 0x62, 0x00, 0x00, 0xb1, 0xb0, 0xf7, 0x13,
  0x0a, 0x12, 0x09, 0x12, 0x31, 0x80, 0x0a, 0x00, 0x32, 0xc2, 0xb0, 0x12,
  0x16, 0x4b, 0xb0, 0x12, 0xcc, 0x42, 0xb0, 0x12, 0x46, 0x4b, 0xb0, 0x12,
  0x22, 0x43, 0xb0, 0x12, 0xa2, 0x52, 0x3d, 0x40, 0x6a, 0x18, 0x3c, 0x40,
  0x00, 0x50, 0xb0, 0x12, 0xe6, 0x42, 0x3d, 0x40, 0x00, 0x0c, 0x3c, 0x40,
  0x88, 0x18, 0xb0, 0x12, 0x88, 0x76, 0x7d, 0x40, 0x42, 0x00, 0xbd, 0xd0,
  0x10, 0x00, 0x00, 0x00, 0x7c, 0x40, 0x44, 0x00, 0xbc, 0xf0, 0xff, 0xfd,
  0x00, 0x00, 0xbd, 0xd0, 0x20, 0x00, 0x00, 0x00, 0xbc, 0xf0, 0xff, 0xfb,
  0x00, 0x00, 0xb0, 0x12, 0xd0, 0x56, 0x32, 0xd2, 0x3a, 0x40, 0x00, 0x4a,
  0x7c, 0x40, 0xc0, 0xff, 0x8a, 0x12, 0x7c, 0x40, 0xc8, 0xff, 0x8a, 0x12,
  0x3a, 0x40, 0xc4, 0xb4, 0x39, 0x40, 0x08, 0x9a, 0x8a, 0x12, 0x5c, 0x42,
  0x20, 0x04, 0x5c, 0x93, 0x08, 0x20, 0xc2, 0x43, 0x20, 0x04, 0x7e, 0x40,
  0x0a, 0x00, 0x0d, 0x41, 0x3c, 0x40, 0x6c, 0x26, 0x89, 0x12, 0x5c, 0x42,
  0x21, 0x04, 0x5c, 0x93, 0x04, 0x20, 0xb0, 0x12, 0x98, 0xc0, 0xc2, 0x43,
  0x21, 0x04, 0x5c, 0x42, 0x1c, 0x04, 0x0c, 0x93, 0x1a, 0x20, 0x7c, 0x40,
  0x05, 0x00, 0x5c, 0x92, 0x87, 0x05, 0xe2, 0x2f, 0x5c, 0x42, 0x87, 0x05,
  0xf2, 0x92, 0x87, 0x05, 0x5f, 0x24, 0x7d, 0x42, 0x4d, 0x9c, 0x29, 0x28,
  0x7c, 0x90, 0x03, 0x00, 0x51, 0x24, 0x7d, 0x40, 0x03, 0x00, 0x4d, 0x9c,
  0x18, 0x28, 0x6c, 0x93, 0x47, 0x24, 0xc2, 0x43, 0x8c, 0x05, 0x30, 0x40,
  0x74, 0x40, 0x1c, 0x93, 0xe9, 0x23, 0xc2, 0x93, 0xa3, 0x24, 0x02, 0x24,
  0xb0, 0x12, 0xde, 0x62, 0xf2, 0x90, 0x0a, 0x00, 0x87, 0x05, 0x03, 0x20,
  0xd2, 0x93, 0x88, 0x05, 0x1b, 0x24, 0xb0, 0x12, 0xfe, 0x59, 0x30, 0x40,
  0xb0, 0x40, 0x7c, 0x90, 0x06, 0x00, 0x36, 0x24, 0x7c, 0x90, 0x07, 0x00,
  0xe4, 0x23, 0xb0, 0x12, 0xda, 0x59, 0x30, 0x40, 0x74, 0x40, 0x7c, 0x90,
  0x0c, 0x00, 0x38, 0x24, 0x7d, 0x40, 0x0c, 0x00, 0x4d, 0x9c, 0x11, 0x28,
  0x7c, 0x90, 0x09, 0x00, 0x2d, 0x24, 0x7c, 0x90, 0x0a, 0x00, 0xd3, 0x23,
  0xb0, 0x12, 0x5c, 0x4f, 0xd2, 0x93, 0x9e, 0x14, 0x9f, 0x23, 0xc2, 0x43,
  0x9e, 0x14, 0x31, 0x50, 0x0a, 0x00, 0x30, 0x40, 0x32, 0xf4, 0x7c, 0x90,
  0x0d, 0x00, 0x24, 0x24, 0x7c, 0x90, 0x0e, 0x00, 0xc2, 0x23, 0xd2, 0x93,
  0x8c, 0x05, 0x90, 0x23, 0xc2, 0x43, 0x8c, 0x05, 0xb0, 0x12, 0xec, 0xc6,
  0x30, 0x40, 0x74, 0x40, 0xb0, 0x12, 0x3e, 0x5a, 0x30, 0x40, 0x74, 0x40,
  0xb0, 0x12, 0x3c, 0x5c, 0x30, 0x40, 0x74, 0x40, 0xb0, 0x12, 0xa8, 0x59,
  0x30, 0x40, 0x74, 0x40, 0xb0, 0x12, 0x9a, 0x4b, 0x30, 0x40, 0x74, 0x40,
  0xb0, 0x12, 0x28, 0x47, 0x30, 0x40, 0x74, 0x40, 0xb0, 0x12, 0xfc, 0x51,
  0x30, 0x40, 0x74, 0x40, 0xb0, 0x12, 0x28, 0x65, 0x30, 0x40, 0x74, 0x40,
  0x0c, 0x12, 0xb2, 0xf0, 0xff, 0xfb, 0x3e, 0x02, 0x7c, 0x40, 0x84, 0x00,
  0xa2, 0x4c, 0xbc, 0x24, 0xbc, 0x40, 0x00, 0x08, 0x00, 0x00, 0x3c, 0x41,
  0x00, 0x13, 0x0f, 0x12, 0x0e, 0x12, 0x0d, 0x12, 0x0c, 0x12, 0x0b, 0x12,
  0x0a, 0x12, 0x09, 0x12, 0x08, 0x12, 0x07, 0x12, 0x06, 0x12, 0x05, 0x12,
  0x04, 0x12, 0xb2, 0x40, 0x00, 0x04, 0x84, 0x00, 0xb0, 0x12, 0x70, 0x62,
  0xd2, 0x43, 0x9f, 0x14, 0x34, 0x41, 0x35, 0x41, 0x36, 0x41, 0x37, 0x41,
  0x38, 0x41, 0x39, 0x41, 0x3a, 0x41, 0x3b, 0x41, 0x3c, 0x41, 0x3d, 0x41,
  0x3e, 0x41, 0x3f, 0x41, 0x00, 0x13, 0x1c, 0x42, 0xa4, 0x14, 0x7d, 0x40,
  0x13, 0x00, 0x0d, 0x9c, 0x04, 0x28, 0x1c, 0x53, 0x82, 0x4c, 0xa4, 0x14,
  0x30, 0x41, 0x82, 0x43, 0xa4, 0x14, 0xc2, 0x43, 0xa6, 0x14, 0x30, 0x40,
  0x04, 0x42, 0x0f, 0x12, 0x0e, 0x12, 0x0d, 0x12, 0x0c, 0x12, 0x0b, 0x12,
  0x0a, 0x12, 0x09, 0x12, 0x08, 0x12, 0x07, 0x12, 0x06, 0x12, 0x05, 0x12,
  0x04, 0x12, 0x3a, 0x40, 0x00, 0x01, 0xaa, 0xd3, 0x00, 0x00, 0xa2, 0x43,
  0x84, 0x00, 0xb0, 0x12, 0xf2, 0x41, 0xb0, 0x12, 0x1a, 0x63, 0x8a, 0xda,
  0x00, 0x00, 0x34, 0x41, 0x35, 0x41, 0x36, 0x41, 0x37, 0x41, 0x38, 0x41,
  0x39, 0x41, 0x3a, 0x41, 0x3b, 0x41, 0x3c, 0x41, 0x3d, 0x41, 0x3e, 0x41,
  0x3f, 0x41, 0x00, 0x13, 0xb2, 0x40, 0x07, 0x00, 0x52, 0x00, 0x7c, 0x40,
  0xc8, 0x00, 0xb0, 0x12, 0xce, 0xb4, 0x3c, 0x40, 0x26, 0x01, 0xb0, 0x12,
  0x2a, 0x55, 0x82, 0x4c, 0x9c, 0x14, 0x1d, 0x42, 0x9c, 0x14, 0x3c, 0x40,
  0x24, 0x01, 0xb0, 0x12, 0xf6, 0x54, 0x1c, 0x42, 0x9c, 0x14, 0x0c, 0x93,
  0x02, 0x24, 0xd2, 0x43, 0x9a, 0x14, 0x30, 0x41, 0x0f, 0x12, 0x0e, 0x12,
  0x0d, 0x12, 0x0c, 0x12, 0x0b, 0x12, 0x0a, 0x12, 0x09, 0x12, 0x08, 0x12,
  0x07, 0x12, 0x06, 0x12, 0x05, 0x12, 0x04, 0x12, 0xb2, 0x40, 0x00, 0x02,
  0x84, 0x00, 0xb0, 0x12, 0x5c, 0x42, 0x34, 0x41, 0x35, 0x41, 0x36, 0x41,
  0x37, 0x41, 0x38, 0x41, 0x39, 0x41, 0x3a, 0x41, 0x3b, 0x41, 0x3c, 0x41,
  0x3d, 0x41, 0x3e, 0x41, 0x3f, 0x41, 0x00, 0x13, 0xb2, 0x40, 0x12, 0x42,
  0xc2, 0x3f, 0xb2, 0x40, 0x90, 0x42, 0xd2, 0x3f, 0xb2, 0x40, 0xb2, 0x41,
  0xd4, 0x3f, 0xb2, 0x40, 0x98, 0x41, 0xd6, 0x3f, 0x30, 0x41, 0xb2, 0xd0,
  0x00, 0x01, 0x42, 0x00, 0x3e, 0x40, 0x00, 0x01, 0xbe, 0xf0, 0xff, 0xfd,
  0x00, 0x00, 0xbe, 0xf0, 0xff, 0x8f, 0x00, 0x00, 0x8e, 0xdc, 0x00, 0x00,
  0x3d, 0xe3, 0x82, 0x4d, 0x02, 0x01, 0x9e, 0xd3, 0x00, 0x00, 0xa2, 0xd3,
  0x80, 0x00, 0x30, 0x41, 0x3c, 0x40, 0x00, 0x01, 0xac, 0xd3, 0x00, 0x00,
  0xa2, 0x43, 0x84, 0x00, 0x8c, 0xdc, 0x00, 0x00, 0x30, 0x41, 0x0a, 0x12,
  0xb2, 0x40, 0xf3, 0xfe, 0x4c, 0x00, 0xb2, 0x40, 0xfc, 0xfd, 0x4e, 0x00,
  0xb2, 0xd0, 0x40, 0x00, 0x42, 0x00, 0xb2, 0xf0, 0xff, 0xef, 0x44, 0x00,
  0x3c, 0x40, 0x60, 0x01, 0xac, 0xd2, 0x00, 0x00, 0xb2, 0xd0, 0x10, 0x00,
  0x6c, 0x01, 0xb2, 0xd0, 0x00, 0x04, 0x80, 0x00, 0xbc, 0xd0, 0x10, 0x00,
  0x00, 0x00, 0xbc, 0xc2, 0x00, 0x00, 0x5c, 0x42, 0x43, 0x05, 0x3c, 0x90,
  0x53, 0x00, 0x1b, 0x20, 0xd2, 0x43, 0xa8, 0x14, 0x4d, 0x4c, 0x7d, 0x50,
  0xae, 0xff, 0x3c, 0x40, 0x62, 0x01, 0x5e, 0x43, 0x4e, 0x9d, 0x15, 0x28,
  0xbc, 0xd2, 0x00, 0x00, 0x3a, 0x40, 0x60, 0x01, 0x9a, 0xc3, 0x00, 0x00,
  0xb0, 0x12, 0xaa, 0x43, 0xaa, 0xd3, 0x00, 0x00, 0xa2, 0xd3, 0x50, 0x00,
  0xb2, 0xd0, 0x00, 0x02, 0x80, 0x00, 0x3a, 0x41, 0x30, 0x41, 0xc2, 0x43,
  0xa8, 0x14, 0x30, 0x40, 0x68, 0x43, 0xbc, 0xc2, 0x00, 0x00, 0x30, 0x40,
  0x7c, 0x43, 0x0a, 0x12, 0x3a, 0x40, 0x62, 0x01, 0x9a, 0xc3, 0x00, 0x00,
  0x7c, 0x40, 0x0a, 0x00, 0xb0, 0x12, 0xd8, 0xb4, 0x9a, 0xd3, 0x00, 0x00,
  0x3a, 0x41, 0x30, 0x41, 0x0a, 0x12, 0x09, 0x12, 0x08, 0x12, 0x07, 0x12,
  0x06, 0x12, 0x09, 0x4c, 0x08, 0x4d, 0x07, 0x4e, 0x46, 0x43, 0x06, 0x98,
  0x02, 0x28, 0x30, 0x40, 0x2c, 0xf4, 0x5a, 0x47, 0x03, 0x00, 0x0a, 0x5a,
  0x0a, 0x5a, 0x0a, 0x5a, 0x0a, 0x5a, 0x0a, 0x5a, 0x0a, 0x5a, 0x0a, 0x5a,
  0x0a, 0x5a, 0x5c, 0x47, 0x02, 0x00, 0x0a, 0x5c, 0x0c, 0x46, 0xb0, 0x12,
  0x58, 0xf5, 0x0c, 0x5c, 0x0c, 0x59, 0x5f, 0x47, 0x01, 0x00, 0x0f, 0x5f,
  0x0f, 0x5f, 0x0f, 0x5f, 0x0f, 0x5f, 0x0f, 0x5f, 0x0f, 0x5f, 0x0f, 0x5f,
  0x0f, 0x5f, 0x6d, 0x47, 0x0d, 0x5f, 0x8c, 0x4d, 0x00, 0x00, 0x8c, 0x4a,
  0x02, 0x00, 0x26, 0x52, 0x27, 0x52, 0x30, 0x40, 0xd6, 0x43, 0x0a, 0x12,
  0x09, 0x12, 0x08, 0x12, 0x07, 0x12, 0x06, 0x12, 0x05, 0x12, 0x04, 0x12,
  0x31, 0x80, 0x0a, 0x00, 0x05, 0x4c, 0x0c, 0x93, 0x90, 0x24, 0x5e, 0x4c,
  0x01, 0x00, 0x5d, 0x4c, 0x02, 0x00, 0x54, 0x4c, 0x03, 0x00, 0x56, 0x4c,
  0x04, 0x00, 0x5c, 0x4c, 0x05, 0x00, 0x81, 0x4c, 0x04, 0x00, 0x59, 0x45,
  0x06, 0x00, 0x5c, 0x45, 0x07, 0x00, 0x81, 0x4c, 0x06, 0x00, 0x58, 0x45,
  0x08, 0x00, 0x5c, 0x45, 0x09, 0x00, 0x81, 0x4c, 0x08, 0x00, 0x57, 0x45,
  0x0a, 0x00, 0xb2, 0x40, 0x6c, 0x16, 0xa0, 0x15, 0xb2, 0x40, 0xe6, 0x15,
  0xa2, 0x15, 0xb2, 0x40, 0x30, 0x18, 0xa4, 0x15, 0xb2, 0x40, 0xd8, 0x17,
  0xa6, 0x15, 0xb2, 0x40, 0x48, 0x15, 0xa8, 0x15, 0xb2, 0x40, 0x10, 0x15,
  0xac, 0x15, 0xb2, 0x40, 0xae, 0x15, 0xaa, 0x15, 0x3a, 0x40, 0x3e, 0x16,
  0x0c, 0x4d, 0x81, 0x4d, 0x00, 0x00, 0x81, 0x4e, 0x02, 0x00, 0xb0, 0x12,
  0x58, 0xf5, 0x3c, 0xf0, 0xff, 0x00, 0x8a, 0x4c, 0x00, 0x00, 0x0c, 0x46,
  0xb0, 0x12, 0x58, 0xf5, 0x3c, 0xf0, 0xff, 0x00, 0x8a, 0x4c, 0x02, 0x00,
  0x0c, 0x49, 0xb0, 0x12, 0x58, 0xf5, 0x3c, 0xf0, 0xff, 0x00, 0x8a, 0x4c,
  0x04, 0x00, 0x8a, 0x4c, 0x06, 0x00, 0x8a, 0x4c, 0x08, 0x00, 0x0c, 0x47,
  0xb0, 0x12, 0x58, 0xf5, 0x3c, 0xf0, 0xff, 0x00, 0x8a, 0x4c, 0x0c, 0x00,
  0x0c, 0x48, 0xb0, 0x12, 0x58, 0xf5, 0x3c, 0xf0, 0xff, 0x00, 0x8a, 0x4c,
  0x0a, 0x00, 0x3a, 0x40, 0xc4, 0x43, 0x1e, 0x41, 0x02, 0x00, 0x0e, 0x55,
  0x2d, 0x41, 0x3c, 0x40, 0x6c, 0x16, 0x8a, 0x12, 0x0e, 0x45, 0x0e, 0x54,
  0x0d, 0x46, 0x3c, 0x40, 0xe6, 0x15, 0x8a, 0x12, 0x16, 0x41, 0x04, 0x00,
  0x06, 0x55, 0x0e, 0x46, 0x0d, 0x49, 0x3c, 0x40, 0x30, 0x18, 0x8a, 0x12,
  0x0e, 0x46, 0x0d, 0x49, 0x3c, 0x40, 0xd8, 0x17, 0x8a, 0x12, 0x0e, 0x46,
  0x0d, 0x49, 0x3c, 0x40, 0x48, 0x15, 0x8a, 0x12, 0x1e, 0x41, 0x08, 0x00,
  0x0e, 0x55, 0x0d, 0x47, 0x3c, 0x40, 0x10, 0x15, 0x8a, 0x12, 0x1e, 0x41,
  0x06, 0x00, 0x0e, 0x55, 0x0d, 0x48, 0x3c, 0x40, 0xae, 0x15, 0x8a, 0x12,
  0x5c, 0x43, 0x31, 0x50, 0x0a, 0x00, 0x30, 0x40, 0x28, 0xf4, 0x30, 0x40,
  0x5a, 0x45, 0x0a, 0x12, 0x09, 0x12, 0x08, 0x12, 0x6a, 0x4c, 0xb0, 0x12,
  0x2a, 0x44, 0x3c, 0xf0, 0xff, 0x00, 0x0c, 0x93, 0x4c, 0x24, 0x0c, 0x4a,
  0xb0, 0x12, 0x4c, 0xf5, 0x4a, 0x4c, 0x7c, 0x40, 0x0a, 0x00, 0x4c, 0x9a,
  0x4b, 0x28, 0x0d, 0x4a, 0x0d, 0x5a, 0x0d, 0x5d, 0x0d, 0x5d, 0x0d, 0x8a,
  0x0d, 0x5d, 0x3d, 0x50, 0x00, 0x14, 0x92, 0x4d, 0x02, 0x00, 0x88, 0x24,
  0x39, 0x40, 0xfc, 0x14, 0x99, 0x4d, 0x04, 0x00, 0x08, 0x00, 0x99, 0x4d,
  0x06, 0x00, 0x0a, 0x00, 0x99, 0x4d, 0x08, 0x00, 0x0c, 0x00, 0xd9, 0x4d,
  0x0a, 0x00, 0x11, 0x00, 0xd9, 0x4d, 0x0b, 0x00, 0x12, 0x00, 0xd9, 0x4d,
  0x0c, 0x00, 0x10, 0x00, 0xd9, 0x4d, 0x0d, 0x00, 0x13, 0x00, 0x08, 0x49,
  0x3a, 0x90, 0x07, 0x00, 0x0e, 0x20, 0xb0, 0x12, 0xd0, 0x56, 0xb0, 0x12,
  0x72, 0x56, 0x7c, 0x40, 0x58, 0x00, 0xb0, 0x12, 0x2a, 0x55, 0x3c, 0xf0,
  0x00, 0x02, 0x88, 0x4c, 0x06, 0x00, 0x30, 0x40, 0x0a, 0x46, 0xb0, 0x12,
  0x90, 0x56, 0x6a, 0xc3, 0x6a, 0x92, 0x0d, 0x20, 0x7c, 0x40, 0x80, 0x00,
  0xb0, 0x12, 0x2a, 0x55, 0x6c, 0xf2, 0x89, 0x4c, 0x06, 0x00, 0xb0, 0x12,
  0x62, 0x57, 0x3c, 0xf0, 0xff, 0x00, 0x30, 0x40, 0x30, 0xf4, 0x7a, 0x90,
  0x05, 0x00, 0xf7, 0x23, 0x30, 0x40, 0xde, 0x45, 0x4c, 0x43, 0x30, 0x40,
  0x12, 0x46, 0x0a, 0x12, 0x09, 0x12, 0x08, 0x12, 0x07, 0x12, 0x06, 0x12,
  0x05, 0x12, 0x04, 0x12, 0x4a, 0x4c, 0x47, 0x43, 0x48, 0x43, 0x49, 0x43,
  0x06, 0x4a, 0x06, 0x5a, 0x05, 0x46, 0x35, 0x50, 0x3e, 0x16, 0x04, 0x47,
  0x2d, 0x45, 0x09, 0x93, 0x19, 0x38, 0x04, 0x99, 0x02, 0x20, 0x08, 0x9d,
  0x15, 0x28, 0x7a, 0x90, 0x03, 0x00, 0x2c, 0x24, 0x6a, 0x92, 0x1d, 0x24,
  0x6a, 0x93, 0x0c, 0x20, 0x7c, 0x40, 0x80, 0x00, 0xb0, 0x12, 0x2a, 0x55,
  0x3c, 0xf0, 0xfc, 0xff, 0x0d, 0x4c, 0x1d, 0xd3, 0x7c, 0x40, 0x80, 0x00,
  0xb0, 0x12, 0xf6, 0x54, 0x30, 0x40, 0x28, 0xf4, 0x1c, 0x46, 0xa0, 0x15,
  0x0c, 0x57, 0x1d, 0x4c, 0x02, 0x00, 0x2c, 0x4c, 0xb0, 0x12, 0xf6, 0x54,
  0x28, 0x53, 0x09, 0x63, 0x27, 0x52, 0x30, 0x40, 0x48, 0x46, 0x7c, 0x40,
  0x22, 0x00, 0xb0, 0x12, 0x2a, 0x55, 0x3c, 0xf0, 0xee, 0xff, 0x0d, 0x4c,
  0x3d, 0xd0, 0x10, 0x00, 0x7c, 0x40, 0x22, 0x00, 0x30, 0x40, 0x78, 0x46,
  0x39, 0x40, 0x2a, 0x55, 0x7c, 0x40, 0x80, 0x00, 0x89, 0x12, 0x3a, 0x40,
  0xf6, 0x54, 0x0d, 0x4c, 0x3d, 0xd0, 0x03, 0x00, 0x7c, 0x40, 0x80, 0x00,
  0x8a, 0x12, 0x7c, 0x40, 0x82, 0x00, 0x89, 0x12, 0x0d, 0x4c, 0x3d, 0x50,
  0x00, 0xfe, 0x7c, 0x40, 0x82, 0x00, 0x8a, 0x12, 0xc2, 0x93, 0x0f, 0x15,
  0x09, 0x24, 0x7c, 0x40, 0x58, 0x00, 0x89, 0x12, 0x0d, 0x4c, 0x3d, 0xd0,
  0x00, 0x02, 0x7c, 0x40, 0x58, 0x00, 0x8a, 0x12, 0x1d, 0x42, 0x08, 0x15,
  0x7c, 0x40, 0xca, 0x00, 0x8a, 0x12, 0x30, 0x40, 0x7c, 0x46, 0x3d, 0xf0,
  0xff, 0x00, 0x4c, 0x93, 0x07, 0x20, 0x0d, 0x93, 0x08, 0x24, 0x7c, 0x40,
  0x03, 0x00, 0xb0, 0x12, 0x26, 0x46, 0x30, 0x41, 0x6c, 0x42, 0x30, 0x40,
  0x16, 0x47, 0x6c, 0x43, 0x30, 0x40, 0x16, 0x47, 0x0a, 0x12, 0x09, 0x12,
  0x31, 0x82, 0x81, 0x43, 0x04, 0x00, 0x81, 0x43, 0x06, 0x00, 0x39, 0x40,
  0x86, 0x05, 0xd2, 0x93, 0x8c, 0x05, 0x08, 0x20, 0xc2, 0x43, 0x8c, 0x05,
  0x5a, 0x49, 0x02, 0x00, 0x4a, 0x93, 0x05, 0x24, 0x6a, 0x93, 0x3b, 0x24,
  0x31, 0x52, 0x30, 0x40, 0x32, 0xf4, 0x7d, 0x40, 0x7f, 0x00, 0x1c, 0x49,
  0x08, 0x00, 0xb0, 0x12, 0x1c, 0xe3, 0x1d, 0x49, 0x08, 0x00, 0x5e, 0x4d,
  0xff, 0x00, 0x0e, 0x5e, 0x0e, 0x5e, 0x0e, 0x5e, 0x0e, 0x5e, 0x0e, 0x5e,
  0x0e, 0x5e, 0x0e, 0x5e, 0x0e, 0x5e, 0x5f, 0x4d, 0xfe, 0x00, 0x0e, 0x5f,
  0x0c, 0x9e, 0x12, 0x20, 0x3e, 0x40, 0x00, 0x01, 0x3c, 0x40, 0xd8, 0x16,
  0xb0, 0x12, 0xde, 0xf1, 0x3c, 0x40, 0xd8, 0x16, 0xb0, 0x12, 0x66, 0x45,
  0x4c, 0x93, 0x06, 0x24, 0xd2, 0x43, 0x1c, 0x04, 0xc2, 0x4a, 0x9a, 0x14,
  0xd1, 0x43, 0x04, 0x00, 0x5d, 0x49, 0x02, 0x00, 0x5c, 0x49, 0x01, 0x00,
  0xd1, 0x43, 0x02, 0x00, 0x81, 0x43, 0x00, 0x00, 0x6f, 0x43, 0x0e, 0x41,
  0x2e, 0x52, 0xb0, 0x12, 0x28, 0xbf, 0x30, 0x40, 0x50, 0x47, 0xb2, 0xd2,
  0x60, 0x01, 0x3c, 0x40, 0x64, 0x01, 0xbc, 0xb2, 0x00, 0x00, 0x02, 0x24,
  0xd1, 0x43, 0x04, 0x00, 0xbc, 0xb0, 0x10, 0x00, 0x00, 0x00, 0x05, 0x24,
  0xd2, 0x93, 0xa8, 0x14, 0x02, 0x20, 0xd1, 0x43, 0x05, 0x00, 0xb2, 0xc2,
  0x60, 0x01, 0x30, 0x40, 0xa8, 0x47, 0x0a, 0x12, 0x09, 0x12, 0x08, 0x12,
  0x48, 0x4c, 0x4a, 0x4d, 0x39, 0x40, 0xf6, 0x54, 0x7d, 0x40, 0x20, 0x00,
  0x3c, 0x40, 0x02, 0x01, 0x89, 0x12, 0x0d, 0x48, 0x3c, 0x40, 0x04, 0x01,
  0x89, 0x12, 0x7d, 0x40, 0x21, 0x00, 0x3c, 0x40, 0x02, 0x01, 0x89, 0x12,
  0x7d, 0x40, 0x20, 0x00, 0x3c, 0x40, 0x02, 0x01, 0x89, 0x12, 0x0d, 0x4a,
  0x0d, 0x5a, 0x0d, 0x5d, 0x0d, 0x5d, 0x0d, 0x5d, 0x0d, 0x5d, 0x0d, 0x5d,
  0x0d, 0x5d, 0x0d, 0x5d, 0x3c, 0x40, 0x04, 0x01, 0x89, 0x12, 0x7d, 0x40,
  0x22, 0x00, 0x3c, 0x40, 0x02, 0x01, 0x89, 0x12, 0x7d, 0x40, 0x20, 0x00,
  0x3c, 0x40, 0x02, 0x01, 0x89, 0x12, 0x3c, 0x40, 0x06, 0x01, 0xb0, 0x12,
  0x2a, 0x55, 0x30, 0x40, 0x30, 0xf4, 0x0a, 0x12, 0x09, 0x12, 0x08, 0x12,
  0x48, 0x4d, 0x39, 0x40, 0xf6, 0x54, 0x4d, 0x43, 0x3c, 0x40, 0x02, 0x01,
  0x89, 0x12, 0x0a, 0x48, 0x0a, 0x58, 0x0a, 0x5a, 0x0a, 0x5a, 0x0a, 0x5a,
  0x0a, 0x5a, 0x0a, 0x5a, 0x0a, 0x5a, 0x0d, 0x4a, 0x3c, 0x40, 0x02, 0x01,
  0x89, 0x12, 0x0d, 0x4a, 0x1d, 0xd3, 0x3c, 0x40, 0x02, 0x01, 0x89, 0x12,
  0x0d, 0x4a, 0x3c, 0x40, 0x02, 0x01, 0x89, 0x12, 0x3c, 0x40, 0x06, 0x01,
  0xb0, 0x12, 0x2a, 0x55, 0x0d, 0x4c, 0x18, 0xb3, 0x06, 0x24, 0xc2, 0x93,
  0x0c, 0x15, 0x03, 0x20, 0xb0, 0x12, 0x3c, 0xf5, 0x0d, 0x4c, 0x4c, 0x4d,
  0x30, 0x40, 0x30, 0xf4, 0x0a, 0x12, 0x09, 0x12, 0x3c, 0xf0, 0xff, 0x00,
  0x0a, 0x4d, 0x0c, 0x5c, 0x1e, 0x4c, 0xa0, 0x15, 0x1b, 0x4c, 0x3e, 0x16,
  0x4c, 0x43, 0x4d, 0x43, 0x49, 0x43, 0x0d, 0x93, 0x08, 0x38, 0x09, 0x9d,
  0x02, 0x20, 0x0c, 0x9b, 0x04, 0x28, 0x3c, 0x43, 0x0d, 0x4c, 0x30, 0x40,
  0xf6, 0x48, 0x8e, 0x9a, 0x00, 0x00, 0x05, 0x20, 0x1c, 0x4e, 0x02, 0x00,
  0x4d, 0x43, 0x30, 0x40, 0x32, 0xf4, 0x2e, 0x52, 0x2c, 0x53, 0x0d, 0x63,
  0x30, 0x40, 0xd6, 0x48, 0x0a, 0x12, 0x09, 0x12, 0x08, 0x12, 0x07, 0x12,
  0x06, 0x12, 0x05, 0x12, 0x04, 0x12, 0x21, 0x83, 0x0a, 0x4c, 0x49, 0x4d,
  0x14, 0x42, 0xa0, 0x15, 0x24, 0x53, 0x46, 0x43, 0x47, 0x43, 0x38, 0x40,
  0xfc, 0x14, 0x3c, 0x40, 0x3e, 0x16, 0x2d, 0x4c, 0x4c, 0x43, 0x0c, 0x97,
  0x02, 0x20, 0x06, 0x9d, 0x03, 0x28, 0x21, 0x53, 0x30, 0x40, 0x28, 0xf4,
  0x15, 0x44, 0xfe, 0xff, 0x0c, 0x45, 0x3c, 0x50, 0x7c, 0xff, 0x7d, 0x40,
  0x16, 0x00, 0x0d, 0x9c, 0x0e, 0x28, 0x0e, 0x4c, 0x1e, 0xc3, 0x0e, 0x5a,
  0xa4, 0x4e, 0x00, 0x00, 0x09, 0x93, 0x07, 0x20, 0xa1, 0x4e, 0x00, 0x00,
  0xb0, 0x12, 0x58, 0xf5, 0x0c, 0x5c, 0xac, 0x41, 0x4c, 0x16, 0x0c, 0x45,
  0x3c, 0x50, 0x2e, 0xff, 0x7d, 0x40, 0x06, 0x00, 0x0d, 0x9c, 0x12, 0x28,
  0xb0, 0x12, 0x58, 0xf5, 0x0d, 0x4c, 0x1d, 0x58, 0x0c, 0x00, 0x0d, 0x5d,
  0x0d, 0x5a, 0xa4, 0x4d, 0x00, 0x00, 0x09, 0x93, 0x07, 0x20, 0x1c, 0x58,
  0x0c, 0x00, 0x0c, 0x5c, 0x0d, 0x4a, 0x0d, 0x5c, 0xac, 0x4d, 0x4c, 0x16,
  0x26, 0x53, 0x07, 0x63, 0x24, 0x52, 0x30, 0x40, 0x26, 0x49, 0x0a, 0x12,
  0x09, 0x12, 0x07, 0x12, 0x06, 0x12, 0x21, 0x82, 0x0a, 0x4c, 0x81, 0x43,
  0x00, 0x00, 0x81, 0x43, 0x02, 0x00, 0x39, 0x40, 0x2e, 0xb5, 0x36, 0x40,
  0x10, 0x27, 0x47, 0x43, 0x5c, 0x42, 0x9a, 0x14, 0x5c, 0x93, 0x05, 0x20,
  0x1c, 0x42, 0x9c, 0x14, 0x0c, 0xfa, 0x0a, 0x9c, 0x0d, 0x24, 0x0d, 0x46,
  0x0e, 0x47, 0x0c, 0x41, 0x89, 0x12, 0x4c, 0x93, 0xf1, 0x27, 0x4c, 0x43,
  0x21, 0x52, 0x36, 0x41, 0x37, 0x41, 0x39, 0x41, 0x3a, 0x41, 0x30, 0x41,
  0x5c, 0x43, 0x30, 0x40, 0xe4, 0x49, 0xc2, 0x43, 0x9a, 0x14, 0x82, 0x43,
  0x9c, 0x14, 0x30, 0x41, 0xb0, 0x12, 0x6a, 0x55, 0x5c, 0x43, 0xb0, 0x12,
  0xd8, 0xb4, 0x30, 0x41, 0x7c, 0x40, 0xc0, 0xff, 0xb0, 0x12, 0x00, 0x4a,
  0xb0, 0x12, 0xf6, 0x49, 0x4c, 0x43, 0xb0, 0x12, 0x26, 0x46, 0x30, 0x41,
  0x0a, 0x12, 0xb0, 0x12, 0xaa, 0x43, 0xd2, 0x93, 0x0d, 0x15, 0x04, 0x20,
  0xb0, 0x12, 0xd0, 0x56, 0xb0, 0x12, 0x72, 0x56, 0x7c, 0x40, 0x3c, 0x00,
  0xb0, 0x12, 0xd8, 0xb4, 0x3a, 0x40, 0x00, 0x4a, 0x7c, 0x40, 0xc0, 0xff,
  0x8a, 0x12, 0x7c, 0x40, 0xc8, 0xff, 0x8a, 0x12, 0xb0, 0x12, 0xf6, 0x49,
  0x3a, 0x41, 0x30, 0x41, 0x3c, 0x40, 0x20, 0x01, 0xb0, 0x12, 0x2a, 0x55,
  0x4d, 0x4c, 0x3d, 0xd0, 0x00, 0x09, 0x3c, 0x40, 0x20, 0x01, 0xb0, 0x12,
  0xf6, 0x54, 0x30, 0x41, 0x7c, 0x40, 0x54, 0x00, 0xb0, 0x12, 0x2a, 0x55,
  0x0d, 0x4c, 0x3d, 0xd0, 0x10, 0x00, 0x7c, 0x40, 0x54, 0x00, 0xb0, 0x12,
  0xf6, 0x54, 0x30, 0x41, 0x0a, 0x12, 0x5c, 0x42, 0x4f, 0x05, 0x5c, 0x93,
  0x07, 0x20, 0x4c, 0x43, 0xb0, 0x12, 0x7e, 0x59, 0xb0, 0x12, 0x70, 0x62,
  0x3a, 0x41, 0x30, 0x41, 0x3a, 0x40, 0x00, 0x4a, 0x7c, 0x40, 0xc0, 0xff,
  0x8a, 0x12, 0x7c, 0x40, 0xc8, 0xff, 0x8a, 0x12, 0x30, 0x40, 0x94, 0x4a,
  0x0a, 0x12, 0xb2, 0x40, 0x40, 0x00, 0x8e, 0x02, 0xd2, 0x93, 0xa4, 0x24,
  0x0f, 0x24, 0xb2, 0xb0, 0x10, 0x00, 0x64, 0x01, 0x0b, 0x20, 0xd2, 0x93,
  0xa8, 0x14, 0x08, 0x20, 0x3a, 0x40, 0x00, 0x4a, 0x7c, 0x40, 0xc0, 0xff,
  0x8a, 0x12, 0x7c, 0x40, 0xc8, 0xff, 0x8a, 0x12, 0x3a, 0x41, 0x30, 0x41,
  0xe2, 0xb2, 0xa0, 0x14, 0x03, 0x24, 0xa2, 0xb2, 0x64, 0x01, 0x11, 0x24,
  0x5c, 0x42, 0x0e, 0x04, 0x5c, 0x93, 0x0c, 0x24, 0x5c, 0x42, 0x0e, 0x04,
  0x0c, 0x93, 0x08, 0x24, 0xc2, 0x93, 0xa2, 0x14, 0x05, 0x20, 0xc2, 0x93,
  0xa4, 0x24, 0x02, 0x20, 0xb0, 0x12, 0x86, 0xdf, 0x30, 0x41, 0xb0, 0x12,
  0x70, 0x62, 0x30, 0x40, 0x0c, 0x4b, 0x3c, 0x40, 0x00, 0x14, 0x3d, 0x40,
  0x08, 0xa2, 0x3c, 0x90, 0xb4, 0x14, 0x06, 0x28, 0x3c, 0x40, 0xb4, 0x14,
  0x3c, 0x90, 0xe4, 0x26, 0x07, 0x28, 0x30, 0x41, 0xec, 0x4d, 0x00, 0x00,
  0x1c, 0x53, 0x1d, 0x53, 0x30, 0x40, 0x1e, 0x4b, 0xcc, 0x43, 0x00, 0x00,
  0x1c, 0x53, 0x30, 0x40, 0x28, 0x4b, 0x0a, 0x12, 0x3c, 0x40, 0x4e, 0x05,
  0xbc, 0x40, 0xb0, 0x4a, 0x04, 0x00, 0xbc, 0x40, 0x84, 0x4a, 0x06, 0x00,
  0xbc, 0x40, 0xe0, 0x4a, 0x08, 0x00, 0xdc, 0x43, 0x02, 0x00, 0xa2, 0xd3,
  0x82, 0x01, 0x3a, 0x40, 0x30, 0xf2, 0x7e, 0x40, 0x16, 0x00, 0x4d, 0x43,
  0x3c, 0x40, 0xa2, 0x24, 0x8a, 0x12, 0x7e, 0x40, 0x20, 0x00, 0x4d, 0x43,
  0x3c, 0x40, 0x4c, 0x16, 0x8a, 0x12, 0xc2, 0x43, 0x87, 0x05, 0xc2, 0x43,
  0x1c, 0x04, 0x3c, 0x40, 0x0c, 0x04, 0xdc, 0x43, 0x01, 0x00, 0xdc, 0x43,
  0x00, 0x00, 0x3a, 0x41, 0x30, 0x41, 0x0a, 0x12, 0x09, 0x12, 0x08, 0x12,
  0x07, 0x12, 0x06, 0x12, 0x05, 0x12, 0x04, 0x12, 0x31, 0x80, 0x06, 0x00,
  0x3a, 0x40, 0x86, 0x05, 0xd2, 0x93, 0x8c, 0x05, 0x2d, 0x20, 0xc2, 0x43,
  0x8c, 0x05, 0x1f, 0x4a, 0x08, 0x00, 0xc2, 0x93, 0x88, 0x05, 0x76, 0x20,
  0xcf, 0x93, 0x00, 0x00, 0x3e, 0x20, 0x59, 0x4f, 0x02, 0x00, 0x09, 0x59,
  0x09, 0x59, 0x09, 0x59, 0x09, 0x59, 0x09, 0x59, 0x09, 0x59, 0x09, 0x59,
  0x09, 0x59, 0x5f, 0x4f, 0x01, 0x00, 0x09, 0x5f, 0x1c, 0x4a, 0x04, 0x00,
  0x3c, 0x50, 0xfc, 0xff, 0xb0, 0x12, 0x58, 0xf5, 0x81, 0x4c, 0x04, 0x00,
  0x45, 0x43, 0x78, 0x40, 0x03, 0x00, 0x46, 0x43, 0x47, 0x43, 0x34, 0x40,
  0xf6, 0x54, 0x07, 0x93, 0x09, 0x38, 0x05, 0x97, 0x03, 0x20, 0x16, 0x91,
  0x04, 0x00, 0x04, 0x28, 0x31, 0x50, 0x06, 0x00, 0x30, 0x40, 0x28, 0xf4,
  0x1c, 0x4a, 0x08, 0x00, 0x0c, 0x58, 0x5d, 0x4c, 0x01, 0x00, 0x0d, 0x5d,
  0x0d, 0x5d, 0x0d, 0x5d, 0x0d, 0x5d, 0x0d, 0x5d, 0x0d, 0x5d, 0x0d, 0x5d,
  0x0d, 0x5d, 0x6c, 0x4c, 0x0d, 0x5c, 0x0c, 0x49, 0x84, 0x12, 0x29, 0x53,
  0x16, 0x53, 0x07, 0x63, 0x28, 0x53, 0x30, 0x40, 0x02, 0x4c, 0x1c, 0x4a,
  0x04, 0x00, 0x3c, 0x50, 0xfe, 0xff, 0xb0, 0x12, 0x54, 0xf5, 0x07, 0x4c,
  0x46, 0x43, 0x54, 0x43, 0x48, 0x43, 0x49, 0x43, 0x35, 0x40, 0xf6, 0x54,
  0x09, 0x93, 0x04, 0x38, 0x06, 0x99, 0xd4, 0x23, 0x08, 0x97, 0xd2, 0x2f,
  0x1e, 0x4a, 0x08, 0x00, 0x0e, 0x54, 0x5d, 0x4e, 0x03, 0x00, 0x0d, 0x5d,
  0x0d, 0x5d, 0x0d, 0x5d, 0x0d, 0x5d, 0x0d, 0x5d, 0x0d, 0x5d, 0x0d, 0x5d,
  0x0d, 0x5d, 0x5c, 0x4e, 0x01, 0x00, 0x0c, 0x5c, 0x0c, 0x5c, 0x0c, 0x5c,
  0x0c, 0x5c, 0x0c, 0x5c, 0x0c, 0x5c, 0x0c, 0x5c, 0x0c, 0x5c, 0x5f, 0x4e,
  0x02, 0x00, 0x0d, 0x5f, 0x6e, 0x4e, 0x0c, 0x5e, 0x85, 0x12, 0x18, 0x53,
  0x09, 0x63, 0x24, 0x52, 0x30, 0x40, 0x60, 0x4c, 0xcf, 0x93, 0x00, 0x00,
  0x27, 0x20, 0x59, 0x4f, 0x03, 0x00, 0x5c, 0x4f, 0x02, 0x00, 0x0c, 0x5c,
  0x0c, 0x5c, 0x0c, 0x5c, 0x0c, 0x5c, 0x0c, 0x5c, 0x0c, 0x5c, 0x0c, 0x5c,
  0x0c, 0x5c, 0x1e, 0x42, 0x18, 0x04, 0x3e, 0x50, 0x07, 0x00, 0x0d, 0x49,
  0x5f, 0x4f, 0x01, 0x00, 0x0c, 0x5f, 0xb0, 0x12, 0xde, 0x53, 0x1e, 0x42,
  0x18, 0x04, 0x3e, 0x50, 0x07, 0x00, 0x5d, 0x4a, 0x02, 0x00, 0x5c, 0x4a,
  0x01, 0x00, 0xd1, 0x43, 0x02, 0x00, 0x81, 0x43, 0x00, 0x00, 0x0f, 0x49,
  0xb0, 0x12, 0x28, 0xbf, 0x30, 0x40, 0x10, 0x4c, 0x17, 0x4a, 0x04, 0x00,
  0x37, 0x50, 0xfe, 0xff, 0x0c, 0x47, 0xb0, 0x12, 0x58, 0xf5, 0x81, 0x4c,
  0x04, 0x00, 0x56, 0x43, 0x48, 0x43, 0x49, 0x43, 0x35, 0x40, 0xde, 0x53,
  0x64, 0x43, 0x09, 0x93, 0x15, 0x38, 0x4c, 0x43, 0x0c, 0x99, 0x03, 0x20,
  0x18, 0x91, 0x04, 0x00, 0x0f, 0x28, 0x1e, 0x42, 0x18, 0x04, 0x3e, 0x50,
  0x07, 0x00, 0x5d, 0x4a, 0x02, 0x00, 0x5c, 0x4a, 0x01, 0x00, 0xd1, 0x43,
  0x02, 0x00, 0x81, 0x43, 0x00, 0x00, 0x0f, 0x47, 0x30, 0x40, 0xfc, 0x4c,
  0x0e, 0x46, 0x3e, 0x50, 0x06, 0x00, 0x1b, 0x4a, 0x08, 0x00, 0x0b, 0x56,
  0x5c, 0x4b, 0x01, 0x00, 0x0c, 0x5c, 0x0c, 0x5c, 0x0c, 0x5c, 0x0c, 0x5c,
  0x0c, 0x5c, 0x0c, 0x5c, 0x0c, 0x5c, 0x0c, 0x5c, 0x1e, 0x52, 0x18, 0x04,
  0x0d, 0x44, 0x6b, 0x4b, 0x0c, 0x5b, 0x85, 0x12, 0x18, 0x53, 0x09, 0x63,
  0x26, 0x53, 0x30, 0x40, 0x22, 0x4d, 0x21, 0x82, 0xd1, 0x43, 0x02, 0x00,
  0x81, 0x43, 0x00, 0x00, 0x7f, 0x40, 0x19, 0x00, 0x3e, 0x40, 0x1a, 0x52,
  0x6d, 0x42, 0x7c, 0x40, 0x0a, 0x00, 0xb0, 0x12, 0x28, 0xbf, 0x21, 0x52,
  0x30, 0x41, 0x0a, 0x12, 0x09, 0x12, 0x08, 0x12, 0x07, 0x12, 0x06, 0x12,
  0x05, 0x12, 0x05, 0x4d, 0x08, 0x4d, 0x38, 0x50, 0x10, 0x00, 0x09, 0x4c,
  0x4a, 0x43, 0x46, 0x43, 0x47, 0x43, 0x1c, 0x45, 0x52, 0x00, 0x1d, 0x45,
  0x54, 0x00, 0x0e, 0x4a, 0xb0, 0x12, 0xce, 0xf5, 0x1c, 0xb3, 0x02, 0x24,
  0xe9, 0x48, 0x00, 0x00, 0x07, 0x93, 0x04, 0x20, 0x7c, 0x40, 0x1f, 0x00,
  0x0c, 0x96, 0x10, 0x2c, 0x85, 0x93, 0x50, 0x00, 0x15, 0x24, 0x1c, 0x45,
  0x56, 0x00, 0x1d, 0x45, 0x58, 0x00, 0x0e, 0x4a, 0x3e, 0x50, 0xe0, 0xff,
  0xb0, 0x12, 0xce, 0xf5, 0x1c, 0xb3, 0x02, 0x24, 0xe9, 0x48, 0x00, 0x00,
  0x16, 0x53, 0x07, 0x63, 0x1a, 0x53, 0x18, 0x53, 0x19, 0x53, 0x3a, 0x90,
  0x40, 0x00, 0xd7, 0x23, 0x30, 0x40, 0x2a, 0xf4, 0x0a, 0x12, 0x09, 0x12,
  0x08, 0x12, 0x07, 0x12, 0x06, 0x12, 0x31, 0x80, 0x1c, 0x02, 0x09, 0x4c,
  0x3a, 0x40, 0x30, 0xf2, 0x3e, 0x40, 0x00, 0x01, 0x4d, 0x43, 0x0c, 0x41,
  0x3c, 0x50, 0x1c, 0x01, 0x8a, 0x12, 0x37, 0x40, 0xde, 0xf1, 0x7e, 0x40,
  0x10, 0x00, 0x0d, 0x49, 0x0c, 0x41, 0x87, 0x12, 0x7e, 0x40, 0x86, 0x00,
  0x4d, 0x43, 0x0c, 0x41, 0x3c, 0x50, 0x10, 0x00, 0x8a, 0x12, 0x36, 0x40,
  0x92, 0xb3, 0x0e, 0x41, 0x3e, 0x50, 0x1c, 0x01, 0x3c, 0x40, 0x00, 0x10,
  0x4d, 0x43, 0x86, 0x12, 0x48, 0x4c, 0x7e, 0x40, 0x86, 0x00, 0x0d, 0x41,
  0x3d, 0x50, 0x1c, 0x01, 0x0c, 0x41, 0x3c, 0x50, 0x10, 0x00, 0x87, 0x12,
  0x7e, 0x40, 0x86, 0x00, 0x4d, 0x43, 0x0c, 0x41, 0x3c, 0x50, 0x96, 0x00,
  0x8a, 0x12, 0x0e, 0x41, 0x3e, 0x50, 0x1c, 0x01, 0x3c, 0x40, 0x00, 0x10,
  0x5d, 0x43, 0x86, 0x12, 0x46, 0x4c, 0x7e, 0x40, 0x86, 0x00, 0x0d, 0x41,
  0x3d, 0x50, 0x1c, 0x01, 0x0c, 0x41, 0x3c, 0x50, 0x96, 0x00, 0x87, 0x12,
  0x48, 0x96, 0x44, 0x24, 0x3e, 0x40, 0xa6, 0x4d, 0x36, 0x40, 0xdc, 0xae,
  0x37, 0x40, 0x08, 0xaf, 0x0d, 0x41, 0x58, 0x93, 0x29, 0x20, 0x3d, 0x50,
  0x10, 0x00, 0x0c, 0x49, 0x8e, 0x12, 0x3c, 0x40, 0x00, 0x10, 0x5d, 0x43,
  0x86, 0x12, 0x0f, 0x41, 0x3f, 0x50, 0x10, 0x00, 0x3e, 0x40, 0x00, 0x01,
  0x3c, 0x40, 0x00, 0x10, 0x5d, 0x43, 0x87, 0x12, 0x1c, 0x41, 0x62, 0x00,
  0x7c, 0xf0, 0x0f, 0x00, 0x3c, 0x90, 0x0f, 0x00, 0x0d, 0x20, 0x4c, 0x43,
  0x4e, 0x43, 0x0e, 0x51, 0x0e, 0x5c, 0x0d, 0x49, 0x0d, 0x5c, 0xed, 0x9e,
  0x00, 0x00, 0x24, 0x20, 0x1c, 0x53, 0x3c, 0x90, 0x10, 0x00, 0xf4, 0x23,
  0x31, 0x50, 0x1c, 0x02, 0x30, 0x40, 0x2c, 0xf4, 0x3d, 0x50, 0x96, 0x00,
  0x0c, 0x49, 0x8e, 0x12, 0x3c, 0x40, 0x00, 0x10, 0x4d, 0x43, 0x86, 0x12,
  0x0f, 0x41, 0x3f, 0x50, 0x96, 0x00, 0x3e, 0x40, 0x00, 0x01, 0x3c, 0x40,
  0x00, 0x10, 0x4d, 0x43, 0x30, 0x40, 0xe2, 0x4e, 0x58, 0x93, 0xe8, 0x23,
  0x0d, 0x41, 0x3d, 0x50, 0x10, 0x00, 0x0c, 0x49, 0xb0, 0x12, 0xa6, 0x4d,
  0x30, 0x40, 0xe4, 0x4e, 0x7e, 0x40, 0x40, 0x00, 0x7d, 0x40, 0xff, 0x00,
  0x0c, 0x49, 0x8a, 0x12, 0x30, 0x40, 0x0c, 0x4f, 0x0a, 0x12, 0x09, 0x12,
  0x08, 0x12, 0x07, 0x12, 0x06, 0x12, 0x05, 0x12, 0x04, 0x12, 0x31, 0x80,
  0x44, 0x00, 0x37, 0x40, 0x30, 0xf2, 0x7e, 0x40, 0x40, 0x00, 0x4d, 0x43,
  0x0c, 0x41, 0x2c, 0x52, 0x87, 0x12, 0x3a, 0x40, 0x86, 0x05, 0x08, 0x4a,
  0xd2, 0x93, 0x8c, 0x05, 0x10, 0x20, 0xc2, 0x43, 0x8c, 0x05, 0x59, 0x4a,
  0x02, 0x00, 0x69, 0x92, 0xf8, 0x24, 0x6c, 0x42, 0x4c, 0x99, 0x0b, 0x28,
  0x69, 0x93, 0x85, 0x24, 0x6c, 0x43, 0x4c, 0x99, 0x9c, 0x28, 0x59, 0x93,
  0x26, 0x24, 0x31, 0x50, 0x44, 0x00, 0x30, 0x40, 0x28, 0xf4, 0x79, 0x90,
  0x06, 0x00, 0xf2, 0x24, 0x79, 0x90, 0x06, 0x00, 0xe8, 0x28, 0x79, 0x90,
  0x07, 0x00, 0xf3, 0x23, 0x1c, 0x4a, 0x08, 0x00, 0x39, 0x40, 0xa6, 0xe2,
  0x4e, 0x43, 0x6c, 0x4c, 0x4d, 0x43, 0x89, 0x12, 0x3d, 0x40, 0x62, 0x01,
  0x5c, 0x93, 0xfb, 0x20, 0xbd, 0xc2, 0x00, 0x00, 0x1c, 0x4a, 0x08, 0x00,
  0x4e, 0x43, 0x5c, 0x4c, 0x01, 0x00, 0x4d, 0x43, 0x89, 0x12, 0xc2, 0x4c,
  0x4f, 0x05, 0x30, 0x40, 0xaa, 0x4f, 0x1c, 0x4a, 0x08, 0x00, 0x38, 0x40,
  0xa6, 0xe2, 0x4e, 0x43, 0x6c, 0x4c, 0x4d, 0x43, 0x88, 0x12, 0x47, 0x4c,
  0x1c, 0x4a, 0x08, 0x00, 0x4e, 0x49, 0x6c, 0x4c, 0x4d, 0x43, 0x88, 0x12,
  0x46, 0x4c, 0x57, 0x93, 0x35, 0x20, 0x38, 0x40, 0xf6, 0x49, 0x88, 0x12,
  0x39, 0x40, 0x62, 0x01, 0x99, 0xc3, 0x00, 0x00, 0x1c, 0x4a, 0x08, 0x00,
  0x37, 0x40, 0xd8, 0xb4, 0x5c, 0x4c, 0x01, 0x00, 0x87, 0x12, 0x99, 0xd3,
  0x00, 0x00, 0x7c, 0x40, 0x3c, 0x00, 0x87, 0x12, 0x1c, 0x42, 0x9c, 0x14,
  0xc1, 0x4c, 0x05, 0x00, 0x1c, 0x42, 0x9c, 0x14, 0xb0, 0x12, 0x3c, 0xf5,
  0xc1, 0x4c, 0x06, 0x00, 0x88, 0x12, 0xd2, 0x93, 0x0d, 0x15, 0x04, 0x20,
  0xb0, 0x12, 0xd0, 0x56, 0xb0, 0x12, 0x72, 0x56, 0xd1, 0x43, 0x04, 0x00,
  0x5d, 0x4a, 0x02, 0x00, 0x5c, 0x4a, 0x01, 0x00, 0xd1, 0x43, 0x02, 0x00,
  0x81, 0x43, 0x00, 0x00, 0x7f, 0x40, 0x03, 0x00, 0x0e, 0x41, 0x2e, 0x52,
  0xb0, 0x12, 0x28, 0xbf, 0x56, 0x93, 0x91, 0x23, 0xb0, 0x12, 0x06, 0xdd,
  0x1c, 0x4a, 0x08, 0x00, 0x5d, 0x4c, 0x01, 0x00, 0x0c, 0x4d, 0x0c, 0x5d,
  0x0c, 0x5c, 0x0c, 0x5d, 0x0c, 0x5c, 0xb0, 0x12, 0xd8, 0xb4, 0xb0, 0x12,
  0x88, 0xb4, 0x30, 0x40, 0xaa, 0x4f, 0x1c, 0x42, 0x04, 0x04, 0x1d, 0x42,
  0x06, 0x04, 0xb0, 0x12, 0xdc, 0xae, 0xd1, 0x43, 0x04, 0x00, 0x59, 0x43,
  0x5d, 0x4a, 0x02, 0x00, 0x5c, 0x4a, 0x01, 0x00, 0xc1, 0x49, 0x02, 0x00,
  0x81, 0x43, 0x00, 0x00, 0x0f, 0x49, 0x0e, 0x41, 0x2e, 0x52, 0xb0, 0x12,
  0x28, 0xbf, 0xc2, 0x49, 0x9e, 0x14, 0x30, 0x40, 0xaa, 0x4f, 0x7c, 0x40,
  0xc0, 0xff, 0xb0, 0x12, 0x00, 0x4a, 0x1e, 0x4a, 0x08, 0x00, 0x6c, 0x4e,
  0x3d, 0x40, 0xfc, 0x14, 0x8d, 0x4c, 0x0e, 0x00, 0xdd, 0x4e, 0x01, 0x00,
  0x10, 0x00, 0x08, 0x4d, 0x3c, 0x90, 0x40, 0x00, 0x24, 0x20, 0x49, 0x43,
  0x37, 0x40, 0x5e, 0x48, 0x46, 0x49, 0x4d, 0x49, 0x4c, 0x46, 0x87, 0x12,
  0x6d, 0x42, 0x0d, 0x51, 0x0d, 0x59, 0xcd, 0x4c, 0x00, 0x00, 0x19, 0x53,
  0x39, 0x90, 0x40, 0x00, 0xf4, 0x23, 0x0c, 0x41, 0x2c, 0x52, 0xb0, 0x12,
  0x18, 0x4e, 0x1f, 0x48, 0x0e, 0x00, 0x5d, 0x4a, 0x02, 0x00, 0x5c, 0x4a,
  0x01, 0x00, 0xd1, 0x43, 0x02, 0x00, 0x81, 0x43, 0x00, 0x00, 0x0e, 0x41,
  0x2e, 0x52, 0xb0, 0x12, 0x28, 0xbf, 0x30, 0x40, 0xaa, 0x4f, 0x3c, 0x90,
  0x20, 0x00, 0xe9, 0x23, 0x49, 0x43, 0x46, 0x43, 0x47, 0x43, 0x35, 0x40,
  0xf2, 0x47, 0x44, 0x49, 0x74, 0xf0, 0x03, 0x00, 0x0c, 0x46, 0x0d, 0x47,
  0xb0, 0x12, 0xb8, 0xf5, 0x4d, 0x44, 0x85, 0x12, 0x6d, 0x42, 0x0d, 0x51,
  0x0d, 0x59, 0xcd, 0x4c, 0x00, 0x00, 0x16, 0x53, 0x07, 0x63, 0x19, 0x53,
  0x39, 0x90, 0x20, 0x00, 0xec, 0x23, 0x30, 0x40, 0x22, 0x51, 0xb0, 0x12,
  0x86, 0x4d, 0x30, 0x40, 0xaa, 0x4f, 0x1c, 0x4a, 0x08, 0x00, 0x6c, 0x4c,
  0xb0, 0x12, 0x00, 0x4a, 0x30, 0x40, 0xaa, 0x4f, 0x7e, 0x40, 0x16, 0x00,
  0x4d, 0x43, 0x3c, 0x40, 0xa2, 0x24, 0x87, 0x12, 0xd2, 0x93, 0x1c, 0x04,
  0xfe, 0x22, 0x1c, 0x4a, 0x08, 0x00, 0xe2, 0xdc, 0xa0, 0x14, 0xb0, 0x12,
  0x4e, 0x5f, 0x5c, 0x42, 0xa0, 0x14, 0x7c, 0xf0, 0x03, 0x00, 0x4c, 0x93,
  0xf2, 0x26, 0xd2, 0x43, 0xa5, 0x24, 0xb0, 0x12, 0xb4, 0x61, 0x30, 0x40,
  0xaa, 0x4f, 0xbd, 0xd2, 0x00, 0x00, 0x30, 0x40, 0xe0, 0x4f, 0x4e, 0x43,
  0x3d, 0x40, 0x62, 0x01, 0x0e, 0x9c, 0x05, 0x20, 0x7c, 0x40, 0x0a, 0x00,
  0xb0, 0x12, 0xce, 0xb4, 0x30, 0x41, 0xbd, 0xd2, 0x00, 0x00, 0xbd, 0xc2,
  0x00, 0x00, 0x1e, 0x53, 0x30, 0x40, 0xe0, 0x51, 0x3c, 0x40, 0x86, 0x05,
  0xd2, 0x93, 0x8c, 0x05, 0x09, 0x20, 0xc2, 0x43, 0x8c, 0x05, 0xec, 0x93,
  0x02, 0x00, 0x04, 0x20, 0x1c, 0x4c, 0x08, 0x00, 0xe2, 0x4c, 0xa7, 0x14,
  0x30, 0x41, 0x47, 0x46, 0x55, 0x53, 0x42, 0x5f, 0x47, 0x4d, 0x31, 0x36,
  0x38, 0x53, 0x45, 0x43, 0x5f, 0x41, 0x50, 0x50, 0x5f, 0x31, 0x30, 0x30,
  0x32, 0x32, 0x00, 0x00, 0x3c, 0xf0, 0xff, 0x00, 0x3d, 0xf0, 0xff, 0x00,
  0x3e, 0xf0, 0xff, 0x00, 0xb2, 0xf0, 0xff, 0xdf, 0x44, 0x00, 0xb2, 0xd2,
  0x42, 0x00, 0xb2, 0x40, 0x07, 0x00, 0x52, 0x00, 0x3f, 0x40, 0x20, 0x02,
  0x0c, 0x93, 0x19, 0x20, 0x9f, 0xc3, 0x00, 0x00, 0x3c, 0x40, 0x20, 0x02,
  0x0d, 0x93, 0x19, 0x20, 0xac, 0xc3, 0x00, 0x00, 0x7c, 0x40, 0x0f, 0x00,
  0x4c, 0x9e, 0x06, 0x28, 0x0e, 0x5e, 0x0e, 0x5e, 0x0e, 0x5e, 0x0e, 0x5e,
  0x82, 0xde, 0x20, 0x02, 0xb2, 0xd0, 0x00, 0x04, 0x20, 0x02, 0xb2, 0xd0,
  0x10, 0x00, 0x24, 0x02, 0x30, 0x41, 0x1c, 0x93, 0xe7, 0x23, 0x9f, 0xd3,
  0x00, 0x00, 0x30, 0x40, 0x5c, 0x52, 0x1d, 0x93, 0xe7, 0x23, 0xac, 0xd3,
  0x00, 0x00, 0x30, 0x40, 0x68, 0x52, 0x6e, 0x42, 0x4d, 0x43, 0x4c, 0x4d,
  0xb0, 0x12, 0x34, 0x52, 0x30, 0x41, 0x3d, 0x40, 0x26, 0x02, 0x2c, 0x4d,
  0x0c, 0x93, 0xfd, 0x3b, 0x30, 0x41, 0x3c, 0xf0, 0xff, 0x00, 0x82, 0x4c,
  0x22, 0x02, 0xb2, 0xd0, 0x00, 0x01, 0x20, 0x02, 0xb0, 0x12, 0xae, 0x52,
  0x30, 0x41, 0x3c, 0x40, 0x20, 0x02, 0xbc, 0xf0, 0xff, 0xfe, 0x00, 0x00,
  0xb2, 0x40, 0x21, 0x00, 0x24, 0x02, 0xbc, 0xf0, 0xff, 0xfb, 0x00, 0x00,
  0x30, 0x41, 0xb2, 0xd0, 0x00, 0x04, 0x20, 0x02, 0xb2, 0xd0, 0x10, 0x00,
  0x24, 0x02, 0x7c, 0x40, 0x3c, 0x00, 0xb0, 0x12, 0xce, 0xb4, 0x30, 0x41,
  0x0a, 0x12, 0x09, 0x12, 0x08, 0x12, 0x07, 0x12, 0x06, 0x12, 0x05, 0x12,
  0x04, 0x12, 0x08, 0x4c, 0x07, 0x4d, 0x0a, 0x4f, 0x0c, 0x4e, 0xb0, 0x12,
  0x58, 0xf5, 0x06, 0x4c, 0x35, 0x40, 0xce, 0x52, 0x85, 0x12, 0x39, 0x40,
  0xba, 0x52, 0x5c, 0x48, 0x01, 0x00, 0x89, 0x12, 0x0c, 0x47, 0xb0, 0x12,
  0x3c, 0xf5, 0x89, 0x12, 0x4c, 0x47, 0x89, 0x12, 0x37, 0x40, 0xe6, 0x52,
  0x87, 0x12, 0x85, 0x12, 0x6c, 0x48, 0x89, 0x12, 0x48, 0x43, 0x39, 0x40,
  0x20, 0x02, 0x35, 0x40, 0xae, 0x52, 0x34, 0x40, 0x26, 0x02, 0x08, 0x96,
  0x03, 0x20, 0x87, 0x12, 0x30, 0x40, 0x28, 0xf4, 0xb9, 0xd0, 0x00, 0x02,
  0x00, 0x00, 0x85, 0x12, 0x2c, 0x44, 0xca, 0x4c, 0x01, 0x00, 0xb9, 0xd0,
  0x00, 0x02, 0x00, 0x00, 0x85, 0x12, 0x2c, 0x44, 0xca, 0x4c, 0x00, 0x00,
  0x18, 0x53, 0x2a, 0x53, 0x30, 0x40, 0x4e, 0x53, 0x0a, 0x12, 0x09, 0x12,
  0x08, 0x12, 0x07, 0x12, 0x06, 0x12, 0x05, 0x12, 0x05, 0x4c, 0x06, 0x4d,
  0x08, 0x4e, 0x09, 0x4f, 0x0c, 0x4e, 0xb0, 0x12, 0x58, 0xf5, 0x07, 0x4c,
  0xb0, 0x12, 0xce, 0x52, 0x3a, 0x40, 0xba, 0x52, 0x5c, 0x45, 0x01, 0x00,
  0x8a, 0x12, 0x0c, 0x46, 0xb0, 0x12, 0x3c, 0xf5, 0x8a, 0x12, 0x4c, 0x46,
  0x8a, 0x12, 0x0c, 0x48, 0xb0, 0x12, 0x38, 0xf5, 0x8a, 0x12, 0x4c, 0x47,
  0x8a, 0x12, 0x48, 0x43, 0x08, 0x97, 0x04, 0x20, 0xb0, 0x12, 0xe6, 0x52,
  0x30, 0x40, 0x2a, 0xf4, 0x5c, 0x49, 0x01, 0x00, 0x8a, 0x12, 0x6c, 0x49,
  0x8a, 0x12, 0x18, 0x53, 0x29, 0x53, 0x30, 0x40, 0xc0, 0x53, 0x0a, 0x12,
  0x09, 0x12, 0x08, 0x12, 0x07, 0x12, 0x06, 0x12, 0x05, 0x12, 0x04, 0x12,
  0x07, 0x4c, 0x0a, 0x4e, 0x0c, 0x4d, 0xb0, 0x12, 0x58, 0xf5, 0x06, 0x4c,
  0x38, 0x40, 0xce, 0x52, 0x88, 0x12, 0x39, 0x40, 0xba, 0x52, 0x7c, 0x40,
  0xf0, 0xff, 0x89, 0x12, 0x0c, 0x47, 0xb0, 0x12, 0x3c, 0xf5, 0x89, 0x12,
  0x4c, 0x47, 0x89, 0x12, 0x37, 0x40, 0xe6, 0x52, 0x87, 0x12, 0x88, 0x12,
  0x7c, 0x40, 0xf1, 0xff, 0x89, 0x12, 0x48, 0x43, 0x39, 0x40, 0x20, 0x02,
  0x35, 0x40, 0xae, 0x52, 0x34, 0x40, 0x26, 0x02, 0x08, 0x96, 0x03, 0x20,
  0x87, 0x12, 0x30, 0x40, 0x28, 0xf4, 0xb9, 0xd0, 0x00, 0x02, 0x00, 0x00,
  0x85, 0x12, 0x2c, 0x44, 0xca, 0x4c, 0x00, 0x00, 0xb9, 0xd0, 0x00, 0x02,
  0x00, 0x00, 0x85, 0x12, 0x2c, 0x44, 0xca, 0x4c, 0x01, 0x00, 0x18, 0x53,
  0x2a, 0x53, 0x30, 0x40, 0x30, 0x54, 0x0a, 0x12, 0xb2, 0xd0, 0x00, 0x08,
  0x80, 0x00, 0xb2, 0xd0, 0x00, 0x04, 0x3e, 0x02, 0x3a, 0x40, 0x24, 0x02,
  0x9a, 0xc3, 0x00, 0x00, 0xb2, 0x40, 0xf0, 0x00, 0x2c, 0x02, 0xb2, 0x40,
  0xf1, 0x00, 0x2e, 0x02, 0xb2, 0x40, 0xaa, 0xaa, 0x30, 0x02, 0x0c, 0x4d,
  0xb0, 0x12, 0x58, 0xf5, 0x82, 0x4c, 0x32, 0x02, 0x3c, 0x50, 0xfe, 0xff,
  0x82, 0x4c, 0x3c, 0x02, 0xb2, 0x40, 0x20, 0x00, 0x38, 0x02, 0xb2, 0x40,
  0x80, 0x40, 0x34, 0x02, 0xb2, 0x40, 0x80, 0x40, 0x36, 0x02, 0x82, 0x43,
  0xbc, 0x24, 0x82, 0x43, 0x3a, 0x02, 0x92, 0x43, 0x3a, 0x02, 0xba, 0xf0,
  0xdf, 0xff, 0x00, 0x00, 0xb2, 0x40, 0x20, 0x00, 0x24, 0x02, 0x3c, 0x40,
  0x20, 0x02, 0xbc, 0xf0, 0xff, 0xfb, 0x00, 0x00, 0x1d, 0x42, 0xbc, 0x24,
  0x0d, 0x93, 0xfc, 0x27, 0xbc, 0xd0, 0x00, 0x04, 0x00, 0x00, 0x3a, 0x40,
  0x24, 0x02, 0xba, 0xd0, 0x10, 0x00, 0x00, 0x00, 0x7c, 0x40, 0x3c, 0x00,
  0xb0, 0x12, 0xce, 0xb4, 0xba, 0xd0, 0x11, 0x00, 0x00, 0x00, 0x3a, 0x41,
  0x30, 0x41, 0x0a, 0x12, 0x21, 0x82, 0x0a, 0x4c, 0x0c, 0x4d, 0xf1, 0x40,
  0xf1, 0xff, 0x02, 0x00, 0xf1, 0x40, 0xf0, 0xff, 0x03, 0x00, 0xc1, 0x4d,
  0x00, 0x00, 0xb0, 0x12, 0x3c, 0xf5, 0xc1, 0x4c, 0x01, 0x00, 0x0f, 0x41,
  0x6e, 0x43, 0x0d, 0x4a, 0x0c, 0x41, 0x0c, 0x5e, 0xb0, 0x12, 0x7c, 0x53,
  0x21, 0x52, 0x3a, 0x41, 0x30, 0x41, 0x21, 0x82, 0xc1, 0x43, 0x00, 0x00,
  0xc1, 0x43, 0x01, 0x00, 0xf1, 0x40, 0xf1, 0xff, 0x02, 0x00, 0xf1, 0x40,
  0xf0, 0xff, 0x03, 0x00, 0x0f, 0x41, 0x6e, 0x43, 0x0d, 0x4c, 0x0c, 0x41,
  0x0c, 0x5e, 0xb0, 0x12, 0xfc, 0x52, 0x5c, 0x41, 0x01, 0x00, 0x0c, 0x5c,
  0x0c, 0x5c, 0x0c, 0x5c, 0x0c, 0x5c, 0x0c, 0x5c, 0x0c, 0x5c, 0x0c, 0x5c,
  0x0c, 0x5c, 0x6d, 0x41, 0x0c, 0x5d, 0x21, 0x52, 0x30, 0x41, 0x0a, 0x12,
  0x4a, 0x4c, 0xb0, 0x12, 0xce, 0x52, 0x4c, 0x4a, 0xb0, 0x12, 0xba, 0x52,
  0xb0, 0x12, 0xe6, 0x52, 0x3a, 0x41, 0x30, 0x41, 0x0a, 0x12, 0x09, 0x12,
  0x4a, 0x4c, 0xb0, 0x12, 0xce, 0x52, 0x39, 0x40, 0xba, 0x52, 0x7c, 0x40,
  0xd0, 0xff, 0x89, 0x12, 0x4c, 0x4a, 0x89, 0x12, 0xb0, 0x12, 0xe6, 0x52,
  0x3d, 0x40, 0xd8, 0xb4, 0x0a, 0x93, 0x04, 0x20, 0x5c, 0x43, 0x8d, 0x12,
  0x30, 0x40, 0x32, 0xf4, 0x6c, 0x43, 0x30, 0x40, 0xa6, 0x55, 0x0a, 0x12,
  0x21, 0x82, 0x0a, 0x4c, 0x0c, 0x4d, 0xf1, 0x40, 0x91, 0xff, 0x02, 0x00,
  0xf1, 0x40, 0x90, 0xff, 0x03, 0x00, 0xc1, 0x4d, 0x00, 0x00, 0xb0, 0x12,
  0x3c, 0xf5, 0xc1, 0x4c, 0x01, 0x00, 0x0f, 0x41, 0x6e, 0x43, 0x0d, 0x4a,
  0x0c, 0x41, 0x0c, 0x5e, 0xb0, 0x12, 0x7c, 0x53, 0x5c, 0x43, 0xb0, 0x12,
  0xd8, 0xb4, 0x21, 0x52, 0x3a, 0x41, 0x30, 0x41, 0x21, 0x82, 0xc1, 0x43,
  0x00, 0x00, 0xc1, 0x43, 0x01, 0x00, 0xf1, 0x40, 0x91, 0xff, 0x02, 0x00,
  0xf1, 0x40, 0x90, 0xff, 0x03, 0x00, 0x0f, 0x41, 0x6e, 0x43, 0x0d, 0x4c,
  0x0c, 0x41, 0x0c, 0x5e, 0xb0, 0x12, 0xfc, 0x52, 0x5c, 0x43, 0xb0, 0x12,
  0xd8, 0xb4, 0x5c, 0x41, 0x01, 0x00, 0x0c, 0x5c, 0x0c, 0x5c, 0x0c, 0x5c,
  0x0c, 0x5c, 0x0c, 0x5c, 0x0c, 0x5c, 0x0c, 0x5c, 0x0c, 0x5c, 0x6d, 0x41,
  0x0c, 0x5d, 0x21, 0x52, 0x30, 0x41, 0x7c, 0x40, 0x16, 0x00, 0xb0, 0x12,
  0xec, 0x55, 0x0d, 0x4c, 0x1d, 0xd3, 0x7c, 0x40, 0x16, 0x00, 0xb0, 0x12,
  0xb2, 0x55, 0x30, 0x41, 0x3c, 0xf0, 0xff, 0x00, 0x1c, 0x93, 0x03, 0x20,
  0xb0, 0x12, 0x32, 0x56, 0x30, 0x41, 0x0c, 0x93, 0xfd, 0x23, 0x7c, 0x40,
  0x16, 0x00, 0xb0, 0x12, 0xec, 0x55, 0x0d, 0x4c, 0x1d, 0xc3, 0x7c, 0x40,
  0x16, 0x00, 0xb0, 0x12, 0xb2, 0x55, 0x30, 0x40, 0x54, 0x56, 0x0a, 0x12,
  0x3a, 0x40, 0xf6, 0x54, 0x3d, 0x40, 0x0a, 0x02, 0x3c, 0x40, 0x2c, 0x02,
  0x8a, 0x12, 0x3d, 0x40, 0x18, 0x11, 0x3c, 0x40, 0x02, 0x02, 0x8a, 0x12,
  0x3a, 0x41, 0x30, 0x41, 0x3d, 0x40, 0x00, 0x82, 0x3c, 0x40, 0x2c, 0x02,
  0xb0, 0x12, 0xf6, 0x54, 0x30, 0x41, 0x0a, 0x12, 0x4a, 0x4c, 0xb0, 0x12,
  0xce, 0x52, 0x4c, 0x4a, 0xb0, 0x12, 0xba, 0x52, 0xb0, 0x12, 0xe6, 0x52,
  0x6c, 0x43, 0xb0, 0x12, 0xd8, 0xb4, 0x3a, 0x41, 0x30, 0x41, 0x0a, 0x12,
  0x3a, 0x40, 0x9e, 0x56, 0x7c, 0x40, 0xb3, 0xff, 0x8a, 0x12, 0x7c, 0x40,
  0xb1, 0xff, 0x8a, 0x12, 0x3a, 0x41, 0x30, 0x41, 0x0a, 0x12, 0x09, 0x12,
  0x39, 0x40, 0xec, 0x55, 0x7c, 0x40, 0x1c, 0x00, 0x89, 0x12, 0x3a, 0x40,
  0xb2, 0x55, 0x0d, 0x4c, 0x1d, 0xd3, 0x7c, 0x40, 0x1c, 0x00, 0x8a, 0x12,
  0xb0, 0x12, 0x32, 0x56, 0x3d, 0x40, 0x02, 0x03, 0x7c, 0x40, 0x18, 0x00,
  0x8a, 0x12, 0x3d, 0x40, 0x31, 0x04, 0x7c, 0x40, 0x1e, 0x00, 0x8a, 0x12,
  0x3d, 0x40, 0x00, 0x03, 0x7c, 0x40, 0x2a, 0x00, 0x8a, 0x12, 0x7c, 0x40,
  0x26, 0x00, 0x89, 0x12, 0x0d, 0x4c, 0x3d, 0xf0, 0xef, 0xff, 0x7c, 0x40,
  0x26, 0x00, 0x8a, 0x12, 0x4c, 0x43, 0xb0, 0x12, 0x48, 0x56, 0x7c, 0x40,
  0x24, 0x00, 0x89, 0x12, 0x0d, 0x4c, 0x3d, 0xd0, 0x20, 0x00, 0x7c, 0x40,
  0x24, 0x00, 0x8a, 0x12, 0xb0, 0x12, 0xba, 0x56, 0x7d, 0x40, 0x0f, 0x00,
  0x3c, 0x40, 0x22, 0x01, 0xb0, 0x12, 0xf6, 0x54, 0x30, 0x40, 0x32, 0xf4,
  0x0a, 0x12, 0x3a, 0x40, 0x9e, 0x56, 0x7c, 0x40, 0xb2, 0xff, 0x8a, 0x12,
  0x7c, 0x40, 0xb4, 0xff, 0x8a, 0x12, 0x3a, 0x41, 0x30, 0x41, 0x0a, 0x12,
  0x7d, 0x40, 0x58, 0x00, 0x6c, 0x43, 0xb0, 0x12, 0xbc, 0x48, 0x3c, 0x93,
  0x02, 0x20, 0x3d, 0x93, 0x1d, 0x24, 0x3a, 0x40, 0xfc, 0x14, 0xb0, 0x12,
  0x3c, 0xf5, 0x5c, 0xf3, 0xca, 0x4c, 0x00, 0x00, 0x1d, 0x4a, 0x0a, 0x00,
  0x1c, 0x4a, 0x08, 0x00, 0xb0, 0x12, 0xe2, 0xf3, 0x0d, 0x4c, 0x0d, 0x5c,
  0x0c, 0x5d, 0xb0, 0x12, 0x58, 0xf5, 0x0d, 0x4c, 0x2d, 0x52, 0x8a, 0x4d,
  0x02, 0x00, 0x3c, 0x50, 0x09, 0x00, 0x8a, 0x4c, 0x04, 0x00, 0x5c, 0x43,
  0x3a, 0x41, 0x30, 0x41, 0x4c, 0x43, 0x30, 0x40, 0xac, 0x57, 0x0a, 0x12,
  0x09, 0x12, 0x0a, 0x4c, 0x2d, 0x4c, 0x0d, 0x93, 0x09, 0x24, 0x0d, 0x5d,
  0x0d, 0x5d, 0x0d, 0x5d, 0x0d, 0x5d, 0x3d, 0xd2, 0x3c, 0x40, 0x20, 0x02,
  0xb0, 0x12, 0xf6, 0x54, 0x1d, 0x4a, 0x02, 0x00, 0x0d, 0x93, 0x15, 0x24,
  0x8a, 0x93, 0x04, 0x00, 0x12, 0x24, 0x8a, 0x93, 0x06, 0x00, 0x0f, 0x24,
  0x39, 0x40, 0xf6, 0x54, 0x3c, 0x40, 0x36, 0x02, 0x89, 0x12, 0x1d, 0x4a,
  0x04, 0x00, 0x3c, 0x40, 0x38, 0x02, 0x89, 0x12, 0x1d, 0x4a, 0x06, 0x00,
  0x3c, 0x40, 0x3a, 0x02, 0x89, 0x12, 0x30, 0x40, 0x32, 0xf4, 0x0a, 0x12,
  0x4a, 0x4c, 0x3c, 0x40, 0x2c, 0x02, 0xb0, 0x12, 0x2a, 0x55, 0x0d, 0x4c,
  0x3d, 0xf0, 0xff, 0xfe, 0x1a, 0x93, 0x02, 0x20, 0x3d, 0xd0, 0x00, 0x01,
  0x3c, 0x40, 0x2c, 0x02, 0xb0, 0x12, 0xf6, 0x54, 0x3a, 0x41, 0x30, 0x41,
  0x3c, 0xf0, 0xff, 0x00, 0xd2, 0x93, 0x0d, 0x15, 0x03, 0x24, 0xd2, 0x93,
  0x0e, 0x15, 0x06, 0x20, 0x3d, 0x40, 0x0a, 0x58, 0x0c, 0x93, 0x03, 0x24,
  0x4c, 0x43, 0x8d, 0x12, 0x30, 0x41, 0x5c, 0x43, 0x30, 0x40, 0x4a, 0x58,
  0x0a, 0x12, 0x09, 0x12, 0x4a, 0x4c, 0xd2, 0x93, 0x0d, 0x15, 0x13, 0x20,
  0xb0, 0x12, 0x4c, 0x57, 0x39, 0x40, 0x48, 0x56, 0x5c, 0x43, 0x89, 0x12,
  0x0d, 0x4a, 0x7d, 0xf0, 0x07, 0x00, 0x3d, 0xd0, 0x30, 0x04, 0x7c, 0x40,
  0x1e, 0x00, 0xb0, 0x12, 0xb2, 0x55, 0x4c, 0x43, 0x89, 0x12, 0xb0, 0x12,
  0xba, 0x56, 0x30, 0x40, 0x32, 0xf4, 0x3c, 0xf0, 0xff, 0x00, 0xd2, 0x93,
  0x0e, 0x15, 0x1b, 0x20, 0x4d, 0x4c, 0x4d, 0x5c, 0x4d, 0x5d, 0x4d, 0x5d,
  0x4d, 0x5d, 0xc2, 0x4d, 0xbb, 0x14, 0x6e, 0x42, 0x4d, 0x43, 0xb0, 0x12,
  0xa6, 0xe2, 0x3c, 0xf0, 0xff, 0x00, 0x3c, 0x53, 0xb0, 0x12, 0x20, 0xf5,
  0x3c, 0xf0, 0xff, 0x00, 0x4c, 0x5c, 0x4c, 0x5c, 0x4c, 0x5c, 0x5c, 0xd2,
  0xbb, 0x14, 0xc2, 0x4c, 0xbb, 0x14, 0xb0, 0x12, 0x80, 0x55, 0x30, 0x41,
  0xd2, 0x93, 0x0e, 0x15, 0x06, 0x20, 0x4c, 0x43, 0xb0, 0x12, 0x80, 0x55,
  0x4c, 0x43, 0xb0, 0x12, 0x0a, 0x58, 0x30, 0x41, 0x31, 0x80, 0x06, 0x00,
  0x7c, 0x40, 0x0f, 0x00, 0x1c, 0x92, 0x6e, 0x26, 0x0b, 0x34, 0x1e, 0x42,
  0xfe, 0x14, 0x3d, 0x40, 0x3e, 0x25, 0x3c, 0x40, 0x6c, 0x26, 0xb0, 0x12,
  0x12, 0x9b, 0x31, 0x50, 0x06, 0x00, 0x30, 0x41, 0x81, 0x43, 0x04, 0x00,
  0x4d, 0x43, 0xd1, 0x43, 0x02, 0x00, 0x81, 0x4d, 0x00, 0x00, 0x6f, 0x43,
  0x0e, 0x41, 0x2e, 0x52, 0x7c, 0x40, 0x0d, 0x00, 0xb0, 0x12, 0x28, 0xbf,
  0x30, 0x40, 0xfe, 0x58, 0xd2, 0x93, 0x0d, 0x15, 0x0a, 0x20, 0x3d, 0x40,
  0x0a, 0x02, 0x3c, 0x40, 0x2c, 0x02, 0xb0, 0x12, 0xf6, 0x54, 0x4c, 0x43,
  0xb0, 0x12, 0x0a, 0x58, 0x30, 0x41, 0xd2, 0x93, 0x0e, 0x15, 0xfc, 0x23,
  0x3d, 0x40, 0x0a, 0x02, 0x3c, 0x40, 0x2c, 0x02, 0xb0, 0x12, 0xf6, 0x54,
  0x5c, 0x43, 0x30, 0x40, 0x38, 0x59, 0x0a, 0x12, 0x4a, 0x4c, 0xb0, 0x12,
  0x0c, 0x4a, 0x4d, 0x4a, 0x4c, 0x43, 0xb0, 0x12, 0x06, 0x47, 0xb0, 0x12,
  0x24, 0x59, 0x3c, 0x40, 0x92, 0x24, 0xb0, 0x12, 0xb6, 0x57, 0x7c, 0x40,
  0xc1, 0xff, 0xb0, 0x12, 0x00, 0x4a, 0x3a, 0x41, 0x30, 0x41, 0x0a, 0x12,
  0xb0, 0x12, 0x56, 0x59, 0x3a, 0x40, 0x00, 0x4a, 0x7c, 0x40, 0xc0, 0xff,
  0x8a, 0x12, 0x7d, 0x40, 0x32, 0x00, 0x7c, 0x40, 0x24, 0x00, 0xb0, 0x12,
  0xf6, 0x54, 0xb0, 0x12, 0x54, 0x4a, 0x7c, 0x40, 0xc1, 0xff, 0x8a, 0x12,
  0x3a, 0x41, 0x30, 0x41, 0x0a, 0x12, 0xd2, 0x93, 0x8c, 0x05, 0x13, 0x20,
  0xc2, 0x43, 0x8c, 0x05, 0x1c, 0x42, 0x8e, 0x05, 0x4e, 0x43, 0x6c, 0x4c,
  0x4d, 0x43, 0xb0, 0x12, 0xa6, 0xe2, 0x5c, 0x93, 0x08, 0x20, 0x3a, 0x40,
  0x00, 0x4a, 0x7c, 0x40, 0xc0, 0xff, 0x8a, 0x12, 0x7c, 0x40, 0xc8, 0xff,
  0x8a, 0x12, 0x3a, 0x41, 0x30, 0x41, 0x0a, 0x12, 0xd2, 0x93, 0x8c, 0x05,
  0x0c, 0x20, 0xc2, 0x43, 0x8c, 0x05, 0x1c, 0x42, 0x8e, 0x05, 0x6a, 0x4c,
  0x7c, 0x40, 0xc0, 0xff, 0xb0, 0x12, 0x00, 0x4a, 0x0c, 0x4a, 0xb0, 0x12,
  0xd8, 0xb4, 0x3a, 0x41, 0x30, 0x41, 0x0a, 0x12, 0x31, 0x82, 0x5a, 0x42,
  0x9a, 0x14, 0x1a, 0x93, 0x17, 0x20, 0x1c, 0x42, 0x88, 0x24, 0x1c, 0xc2,
  0x9c, 0x14, 0x0c, 0x93, 0x11, 0x20, 0x91, 0x42, 0x9c, 0x14, 0x04, 0x00,
  0xb0, 0x12, 0xf6, 0x49, 0x4d, 0x43, 0xc1, 0x4a, 0x02, 0x00, 0x81, 0x4d,
  0x00, 0x00, 0x6f, 0x43, 0x0e, 0x41, 0x2e, 0x52, 0x7c, 0x40, 0x0c, 0x00,
  0xb0, 0x12, 0x28, 0xbf, 0x31, 0x52, 0x3a, 0x41, 0x30, 0x41, 0x0a, 0x12,
  0x09, 0x12, 0x08, 0x12, 0x38, 0x40, 0x86, 0x05, 0x0a, 0x48, 0xd2, 0x93,
  0x8c, 0x05, 0x47, 0x20, 0xc2, 0x43, 0x8c, 0x05, 0x1c, 0x48, 0x08, 0x00,
  0x39, 0x40, 0xa6, 0xe2, 0x4e, 0x43, 0x6c, 0x4c, 0x4d, 0x43, 0x89, 0x12,
  0x1c, 0x48, 0x08, 0x00, 0x6e, 0x43, 0x6c, 0x4c, 0x4d, 0x43, 0x89, 0x12,
  0x4c, 0x93, 0x07, 0x24, 0xc2, 0x93, 0xa6, 0x14, 0x04, 0x24, 0xb0, 0x12,
  0xe0, 0x58, 0x30, 0x40, 0x30, 0xf4, 0xb0, 0x12, 0x0c, 0x4a, 0x7c, 0x40,
  0x06, 0x00, 0xb0, 0x12, 0x26, 0x46, 0x1c, 0x4a, 0x08, 0x00, 0x48, 0x43,
  0x7e, 0x40, 0x07, 0x00, 0x6c, 0x4c, 0x0d, 0x48, 0x89, 0x12, 0xb0, 0x12,
  0x30, 0x58, 0x1c, 0x4a, 0x08, 0x00, 0x2c, 0x53, 0xb0, 0x12, 0xb6, 0x57,
  0x7c, 0x40, 0xc2, 0xff, 0xb0, 0x12, 0x00, 0x4a, 0xc2, 0x48, 0x9a, 0x14,
  0x1c, 0x4a, 0x08, 0x00, 0x5c, 0x4c, 0x01, 0x00, 0xb0, 0x12, 0x8a, 0x58,
  0x1c, 0x4a, 0x08, 0x00, 0x5c, 0x4c, 0x01, 0x00, 0xb0, 0x12, 0x54, 0x58,
  0x1c, 0x4a, 0x08, 0x00, 0xd2, 0x4c, 0x01, 0x00, 0xba, 0x24, 0xb0, 0x12,
  0x6c, 0x4a, 0x5c, 0x42, 0x9a, 0x14, 0x5c, 0x93, 0xcc, 0x23, 0xb2, 0xb2,
  0x9c, 0x14, 0xc9, 0x27, 0xb0, 0x12, 0xf6, 0x49, 0x1d, 0x42, 0xfe, 0x14,
  0x3c, 0x40, 0xaa, 0xaa, 0xb0, 0x12, 0x5e, 0x54, 0xb0, 0x12, 0xcc, 0x58,
  0x30, 0x40, 0x7a, 0x5a, 0x1c, 0x42, 0x08, 0x15, 0x3c, 0x50, 0x06, 0x00,
  0x0c, 0x5c, 0x1c, 0x52, 0x8e, 0x05, 0xa2, 0x4c, 0x9c, 0x24, 0x3d, 0x40,
  0x8a, 0x24, 0x9d, 0x4c, 0x02, 0x00, 0x00, 0x00, 0x9d, 0x4c, 0x04, 0x00,
  0x02, 0x00, 0x9d, 0x4c, 0x06, 0x00, 0x04, 0x00, 0x9d, 0x4c, 0x08, 0x00,
  0x06, 0x00, 0xd2, 0x4c, 0x0a, 0x00, 0xba, 0x24, 0xb0, 0x12, 0xc6, 0x5f,
  0xb0, 0x12, 0x24, 0x59, 0xc2, 0x93, 0xa2, 0x14, 0x04, 0x24, 0xb0, 0x12,
  0x86, 0xdf, 0xc2, 0x43, 0xa2, 0x14, 0x82, 0x43, 0xa4, 0x14, 0xd2, 0x43,
  0xa6, 0x14, 0x30, 0x41, 0x0a, 0x12, 0x09, 0x12, 0x08, 0x12, 0x07, 0x12,
  0x06, 0x12, 0x05, 0x12, 0x04, 0x12, 0x31, 0x80, 0x48, 0x00, 0x46, 0x4c,
  0x48, 0x4d, 0x47, 0x4e, 0x91, 0x42, 0x9c, 0x14, 0x08, 0x00, 0x3a, 0x40,
  0x2a, 0x55, 0x7c, 0x40, 0xc8, 0x00, 0x8a, 0x12, 0x81, 0x4c, 0x0a, 0x00,
  0x09, 0x41, 0x39, 0x52, 0x16, 0x93, 0x2d, 0x24, 0x07, 0x93, 0x4e, 0x20,
  0x1c, 0x42, 0x9c, 0x14, 0x3c, 0x90, 0x80, 0x00, 0x0a, 0x24, 0x1c, 0x42,
  0x9c, 0x14, 0x3c, 0x90, 0x82, 0x00, 0x05, 0x24, 0x1c, 0x42, 0x9c, 0x14,
  0x3c, 0x90, 0x00, 0x04, 0x02, 0x20, 0xb0, 0x12, 0x86, 0xdf, 0x3c, 0x40,
  0x86, 0x05, 0x5d, 0x4c, 0x02, 0x00, 0x5c, 0x4c, 0x01, 0x00, 0xd1, 0x43,
  0x02, 0x00, 0x81, 0x43, 0x00, 0x00, 0x0f, 0x48, 0x0e, 0x49, 0xb0, 0x12,
  0x28, 0xbf, 0xe2, 0xb2, 0xa0, 0x14, 0x03, 0x24, 0xa2, 0xb2, 0x64, 0x01,
  0x02, 0x24, 0xc2, 0x43, 0xa3, 0x24, 0x31, 0x50, 0x48, 0x00, 0x30, 0x40,
  0x28, 0xf4, 0x05, 0x41, 0x35, 0x50, 0x0c, 0x00, 0x4e, 0x43, 0x4f, 0x43,
  0x36, 0x40, 0xfc, 0x14, 0x34, 0x40, 0x9e, 0x00, 0x04, 0x89, 0x1b, 0x46,
  0x0c, 0x00, 0x4c, 0x43, 0x0c, 0x9f, 0xc4, 0x23, 0x0e, 0x9b, 0xc2, 0x2f,
  0x0c, 0x44, 0x0c, 0x55, 0x81, 0x4e, 0x06, 0x00, 0x81, 0x4f, 0x04, 0x00,
  0x8a, 0x12, 0x85, 0x4c, 0x00, 0x00, 0x1e, 0x41, 0x06, 0x00, 0x1f, 0x41,
  0x04, 0x00, 0x1e, 0x53, 0x0f, 0x63, 0x25, 0x53, 0x30, 0x40, 0xfa, 0x5b,
  0x1c, 0x42, 0x9c, 0x14, 0x2c, 0x93, 0xae, 0x23, 0xb0, 0x12, 0x04, 0x5b,
  0x30, 0x40, 0x90, 0x5b, 0x0a, 0x12, 0x09, 0x12, 0x08, 0x12, 0x3a, 0x40,
  0x86, 0x05, 0xd2, 0x93, 0x8c, 0x05, 0x9e, 0x20, 0xc2, 0x43, 0x8c, 0x05,
  0x38, 0x40, 0xfc, 0x14, 0x5c, 0x48, 0x11, 0x00, 0x1c, 0x93, 0x1d, 0x20,
  0x1c, 0x4a, 0x08, 0x00, 0xcc, 0x93, 0x1a, 0x00, 0x1a, 0x24, 0x5c, 0x48,
  0x11, 0x00, 0x1c, 0x93, 0x89, 0x20, 0x1c, 0x4a, 0x08, 0x00, 0xdc, 0x93,
  0x1a, 0x00, 0x86, 0x20, 0x7c, 0x40, 0xc1, 0xff, 0xb0, 0x12, 0x00, 0x4a,
  0xd2, 0x93, 0xba, 0x14, 0x7f, 0x20, 0x7c, 0x40, 0xa1, 0xff, 0xb0, 0x12,
  0x6a, 0x55, 0xd2, 0x43, 0xb4, 0x14, 0x30, 0x40, 0x84, 0x5d, 0x0c, 0x93,
  0xe6, 0x23, 0x1c, 0x4a, 0x08, 0x00, 0x39, 0x40, 0xa6, 0xe2, 0x4e, 0x43,
  0x6c, 0x4c, 0x4d, 0x43, 0x89, 0x12, 0xc2, 0x4c, 0xba, 0x14, 0x1c, 0x4a,
  0x08, 0x00, 0x5e, 0x43, 0x6c, 0x4c, 0x4d, 0x43, 0x89, 0x12, 0xc2, 0x4c,
  0xb9, 0x14, 0x1c, 0x4a, 0x08, 0x00, 0x6e, 0x43, 0x6c, 0x4c, 0x4d, 0x43,
  0x89, 0x12, 0xc2, 0x4c, 0xb8, 0x14, 0x1c, 0x4a, 0x08, 0x00, 0x7e, 0x40,
  0x03, 0x00, 0x6c, 0x4c, 0x4d, 0x43, 0x89, 0x12, 0xc2, 0x4c, 0xb7, 0x14,
  0x1c, 0x4a, 0x08, 0x00, 0x6e, 0x42, 0x6c, 0x4c, 0x4d, 0x43, 0x89, 0x12,
  0xc2, 0x4c, 0xb6, 0x14, 0xc2, 0x4c, 0xa2, 0x14, 0x1d, 0x48, 0x0c, 0x00,
  0x5c, 0x42, 0xb7, 0x14, 0xb0, 0x12, 0xe2, 0xf3, 0x5d, 0x42, 0xb8, 0x14,
  0x5d, 0x53, 0x4c, 0x5d, 0x4c, 0x5c, 0xc2, 0x4c, 0xb5, 0x14, 0x5c, 0x43,
  0xb0, 0x12, 0x54, 0x58, 0x1c, 0x4a, 0x08, 0x00, 0x4e, 0x43, 0x5c, 0x4c,
  0x01, 0x00, 0x4d, 0x43, 0x89, 0x12, 0x5c, 0x93, 0x08, 0x20, 0x5d, 0x42,
  0xb9, 0x14, 0x1c, 0x4a, 0x08, 0x00, 0x3c, 0x50, 0x0a, 0x00, 0xb0, 0x12,
  0x04, 0x49, 0xb0, 0x12, 0x0c, 0x4a, 0x5d, 0x42, 0xb9, 0x14, 0x5c, 0x42,
  0xba, 0x14, 0xb0, 0x12, 0x06, 0x47, 0x1c, 0x4a, 0x08, 0x00, 0x7e, 0x40,
  0x07, 0x00, 0x6c, 0x4c, 0x4d, 0x43, 0x89, 0x12, 0xb0, 0x12, 0x30, 0x58,
  0x1d, 0x4a, 0x08, 0x00, 0x3c, 0x40, 0x92, 0x24, 0x9c, 0x4d, 0x02, 0x00,
  0x00, 0x00, 0x9c, 0x4d, 0x04, 0x00, 0x02, 0x00, 0x9c, 0x4d, 0x06, 0x00,
  0x04, 0x00, 0x9c, 0x4d, 0x08, 0x00, 0x06, 0x00, 0xb0, 0x12, 0xb6, 0x57,
  0x30, 0x40, 0x66, 0x5c, 0x0c, 0x93, 0x7a, 0x27, 0xc2, 0x43, 0xa3, 0x24,
  0xc2, 0x93, 0xba, 0x14, 0x26, 0x20, 0x5c, 0x42, 0x9a, 0x14, 0x5c, 0x93,
  0x22, 0x20, 0x1c, 0x42, 0x9c, 0x14, 0x2c, 0x93, 0x14, 0x24, 0x1c, 0x42,
  0x9c, 0x14, 0x3c, 0x90, 0x00, 0x02, 0x0f, 0x24, 0x1c, 0x42, 0x9c, 0x14,
  0x3c, 0x90, 0x80, 0x00, 0x0a, 0x24, 0x1c, 0x42, 0x9c, 0x14, 0x3c, 0x90,
  0x82, 0x00, 0x05, 0x24, 0x1c, 0x42, 0x9c, 0x14, 0x3c, 0x90, 0x00, 0x04,
  0x0a, 0x20, 0xc2, 0x43, 0x9a, 0x14, 0x5e, 0x42, 0xb6, 0x14, 0x5d, 0x42,
  0xb5, 0x14, 0x5c, 0x42, 0xb7, 0x14, 0xb0, 0x12, 0x58, 0x5b, 0xd2, 0x93,
  0xba, 0x14, 0x1b, 0x20, 0xd2, 0x93, 0xb4, 0x14, 0x18, 0x20, 0xc2, 0x43,
  0xb4, 0x14, 0x5c, 0x42, 0xfc, 0x14, 0x0d, 0x4c, 0x0d, 0x5c, 0x0d, 0x5d,
  0x0c, 0x5d, 0x3c, 0x50, 0x03, 0x00, 0xb0, 0x12, 0xd8, 0xb4, 0x7c, 0x40,
  0xc0, 0xff, 0xb0, 0x12, 0x00, 0x4a, 0x5e, 0x42, 0xb6, 0x14, 0x5d, 0x42,
  0xb5, 0x14, 0x5c, 0x42, 0xb7, 0x14, 0xb0, 0x12, 0x58, 0x5b, 0x30, 0x40,
  0x30, 0xf4, 0x0a, 0x12, 0x09, 0x12, 0x08, 0x12, 0x07, 0x12, 0x06, 0x12,
  0x05, 0x12, 0x04, 0x12, 0x31, 0x80, 0x34, 0x00, 0x49, 0x4c, 0x38, 0x40,
  0x2a, 0x55, 0x7c, 0x40, 0xc8, 0x00, 0x88, 0x12, 0x81, 0x4c, 0x02, 0x00,
  0xc2, 0x93, 0xfc, 0x14, 0x1f, 0x20, 0x67, 0x43, 0x1a, 0x42, 0x9a, 0x24,
  0x3a, 0x50, 0xfe, 0xff, 0x0a, 0x5a, 0x0a, 0x5a, 0x0a, 0x5a, 0x0a, 0x5a,
  0x0a, 0x5a, 0x0a, 0x5a, 0x0a, 0x5a, 0x0a, 0x5a, 0x3a, 0x50, 0x80, 0x00,
  0x45, 0x43, 0x34, 0x40, 0x80, 0xf3, 0x46, 0x49, 0x15, 0x92, 0x08, 0x15,
  0x0d, 0x28, 0x09, 0x93, 0x40, 0x20, 0x4d, 0x49, 0x0c, 0x41, 0x2c, 0x52,
  0xb0, 0x12, 0x04, 0x49, 0x30, 0x40, 0xf6, 0x5e, 0x77, 0x40, 0x10, 0x00,
  0x30, 0x40, 0x44, 0x5e, 0x0c, 0x45, 0x3c, 0x50, 0x51, 0x00, 0x0c, 0x5c,
  0x88, 0x12, 0x0d, 0x47, 0x84, 0x12, 0x56, 0x93, 0x05, 0x20, 0x82, 0x93,
  0x02, 0x15, 0x02, 0x24, 0x1c, 0x52, 0x9a, 0x24, 0x0f, 0x45, 0x0f, 0x55,
  0x7d, 0x40, 0x34, 0x00, 0x0d, 0x51, 0x0f, 0x5d, 0x3f, 0x50, 0xd0, 0xff,
  0x0c, 0x5c, 0x0c, 0x5c, 0x0c, 0x5c, 0x0c, 0x5c, 0x0c, 0x5c, 0x0c, 0x5c,
  0x0c, 0x5c, 0x0c, 0x5c, 0x3c, 0x50, 0x80, 0x00, 0x8f, 0x4c, 0x00, 0x00,
  0x1c, 0x41, 0x02, 0x00, 0x0d, 0x45, 0x81, 0x4f, 0x00, 0x00, 0xb0, 0x12,
  0x64, 0xf5, 0x2f, 0x41, 0x1c, 0xb3, 0x04, 0x20, 0x56, 0x93, 0x02, 0x20,
  0x8f, 0x4a, 0x00, 0x00, 0x4e, 0x45, 0x5e, 0x53, 0x45, 0x4e, 0x30, 0x40,
  0x68, 0x5e, 0x19, 0x93, 0xbe, 0x27, 0x31, 0x50, 0x34, 0x00, 0x30, 0x40,
  0x28, 0xf4, 0x1c, 0x42, 0x64, 0x01, 0x6c, 0xf2, 0x0c, 0x93, 0x1f, 0x24,
  0xd2, 0x43, 0x0c, 0x04, 0x5c, 0x43, 0xb0, 0x12, 0x70, 0xb5, 0xb2, 0x40,
  0xcd, 0xab, 0x0e, 0x00, 0x7c, 0x40, 0x40, 0x00, 0xbc, 0xf0, 0xf9, 0xff,
  0x00, 0x00, 0xc2, 0x43, 0x0e, 0x04, 0x82, 0x43, 0x52, 0x00, 0x82, 0x43,
  0x68, 0x00, 0xb2, 0x40, 0x00, 0x20, 0xea, 0x00, 0x5d, 0x42, 0x4e, 0x05,
  0x5d, 0x93, 0x02, 0x20, 0xbc, 0xd2, 0x00, 0x00, 0xb0, 0x12, 0xbe, 0xb5,
  0x30, 0x41, 0xc2, 0x4c, 0x0c, 0x04, 0x30, 0x40, 0x0c, 0x5f, 0x1c, 0x42,
  0x8e, 0x05, 0x4f, 0x43, 0x0b, 0x4f, 0x5f, 0x4c, 0x01, 0x00, 0x0d, 0x4f,
  0x0d, 0x5f, 0x0e, 0x4b, 0x0e, 0x6b, 0x0d, 0x5d, 0x0e, 0x6e, 0x0d, 0x5f,
  0x0e, 0x6b, 0x0d, 0x5d, 0x0e, 0x6e, 0x0d, 0x5d, 0x0e, 0x6e, 0x82, 0x4d,
  0x9e, 0x24, 0x82, 0x4e, 0xa0, 0x24, 0x5d, 0x4c, 0x1a, 0x00, 0x82, 0x4d,
  0x9a, 0x24, 0xd2, 0x93, 0x0e, 0x15, 0x03, 0x24, 0xd2, 0x93, 0x0d, 0x15,
  0x03, 0x20, 0xd2, 0x4c, 0x1b, 0x00, 0xba, 0x24, 0x3d, 0x40, 0x8a, 0x24,
  0x9d, 0x4c, 0x1c, 0x00, 0x00, 0x00, 0x9d, 0x4c, 0x1e, 0x00, 0x02, 0x00,
  0x9d, 0x4c, 0x20, 0x00, 0x04, 0x00, 0x9d, 0x4c, 0x22, 0x00, 0x06, 0x00,
  0x92, 0x4c, 0x24, 0x00, 0xb8, 0x24, 0x92, 0x4c, 0x26, 0x00, 0x9c, 0x24,
  0x4d, 0x43, 0x2c, 0x53, 0xb0, 0x12, 0x04, 0x49, 0x30, 0x41, 0xb0, 0x12,
  0x0c, 0x4a, 0x7c, 0x40, 0x06, 0x00, 0xb0, 0x12, 0x26, 0x46, 0x3c, 0x40,
  0x8a, 0x24, 0xb0, 0x12, 0xb6, 0x57, 0xd2, 0x93, 0x0e, 0x15, 0x03, 0x24,
  0xd2, 0x93, 0x0d, 0x15, 0x0b, 0x20, 0x1d, 0x42, 0x9c, 0x24, 0x0d, 0x93,
  0x07, 0x24, 0x3c, 0x40, 0x2c, 0x02, 0xb0, 0x12, 0xf6, 0x54, 0x5c, 0x43,
  0xb0, 0x12, 0xd8, 0xb4, 0x7c, 0x40, 0xc2, 0xff, 0xb0, 0x12, 0x00, 0x4a,
  0x5c, 0x42, 0xba, 0x24, 0xb0, 0x12, 0x8a, 0x58, 0x5c, 0x42, 0xba, 0x24,
  0xb0, 0x12, 0x54, 0x58, 0xb0, 0x12, 0x6c, 0x4a, 0x7c, 0x42, 0xb0, 0x12,
  0xa6, 0x49, 0x4c, 0x93, 0x11, 0x24, 0x1d, 0x42, 0xfe, 0x14, 0x3c, 0x40,
  0xaa, 0xaa, 0xb0, 0x12, 0x5e, 0x54, 0xd2, 0x93, 0x0d, 0x15, 0x03, 0x24,
  0xd2, 0x93, 0x0e, 0x15, 0x03, 0x20, 0x4c, 0x43, 0xb0, 0x12, 0x80, 0x55,
  0xb0, 0x12, 0xf6, 0x49, 0x30, 0x41, 0x3c, 0x40, 0xa2, 0x24, 0xcc, 0x43,
  0x05, 0x00, 0x8c, 0x43, 0x12, 0x00, 0x8c, 0x43, 0x14, 0x00, 0x30, 0x41,
  0x0a, 0x12, 0x92, 0x92, 0xa0, 0x24, 0xae, 0x24, 0x08, 0x28, 0x92, 0x92,
  0xae, 0x24, 0xa0, 0x24, 0x6b, 0x20, 0x92, 0x92, 0x9e, 0x24, 0xac, 0x24,
  0x67, 0x2c, 0x5a, 0x42, 0x9a, 0x14, 0x1a, 0x93, 0x13, 0x20, 0xa2, 0xb3,
  0x9c, 0x14, 0x1c, 0x24, 0xb0, 0x12, 0xc6, 0x5f, 0xe2, 0x43, 0xa3, 0x24,
  0xc2, 0x4a, 0xa7, 0x24, 0x82, 0x43, 0xb4, 0x24, 0x82, 0x43, 0xb6, 0x24,
  0x4c, 0x4a, 0xb0, 0x12, 0x1a, 0x5e, 0x4c, 0x4a, 0xb0, 0x12, 0x56, 0x59,
  0xe2, 0xb3, 0xa0, 0x14, 0x20, 0x24, 0xd2, 0x93, 0x9f, 0x14, 0x17, 0x20,
  0xc2, 0x43, 0x9f, 0x14, 0xc2, 0x43, 0xa3, 0x24, 0x30, 0x40, 0xe6, 0x60,
  0xb2, 0xb0, 0x00, 0x02, 0x9c, 0x14, 0x04, 0x20, 0xb2, 0xb0, 0x80, 0x00,
  0x9c, 0x14, 0xec, 0x27, 0xf2, 0x40, 0x03, 0x00, 0xa3, 0x24, 0x4c, 0x43,
  0xb0, 0x12, 0x1a, 0x5e, 0x4c, 0x43, 0x30, 0x40, 0x9c, 0x60, 0xf2, 0x90,
  0x03, 0x00, 0xa3, 0x24, 0x02, 0x20, 0xb0, 0x12, 0x46, 0x60, 0xe2, 0x93,
  0xa3, 0x24, 0x13, 0x20, 0xb2, 0xb0, 0x10, 0x00, 0x64, 0x01, 0x0f, 0x20,
  0xd2, 0x93, 0xa8, 0x14, 0x0c, 0x20, 0xb0, 0x12, 0x46, 0x60, 0x3a, 0x40,
  0x00, 0x4a, 0x7c, 0x40, 0xc0, 0xff, 0x8a, 0x12, 0x7c, 0x40, 0xc8, 0xff,
  0x8a, 0x12, 0xb0, 0x12, 0xfe, 0x5e, 0xc2, 0x93, 0xa5, 0x24, 0x0a, 0x20,
  0xa2, 0xb2, 0x64, 0x01, 0x07, 0x24, 0xe2, 0xb2, 0xa0, 0x14, 0x04, 0x24,
  0xc2, 0x43, 0xa3, 0x24, 0xb0, 0x12, 0xf8, 0xdc, 0xd2, 0x93, 0x8c, 0x05,
  0x05, 0x20, 0xc2, 0x93, 0xa3, 0x24, 0x02, 0x24, 0xc2, 0x43, 0xa3, 0x24,
  0x3a, 0x41, 0x30, 0x41, 0x82, 0x43, 0xac, 0x24, 0x82, 0x43, 0xae, 0x24,
  0xc2, 0x93, 0xa5, 0x24, 0x06, 0x20, 0xa2, 0xb2, 0x64, 0x01, 0x03, 0x24,
  0xe2, 0xb2, 0xa0, 0x14, 0xab, 0x23, 0xb0, 0x12, 0x46, 0x60, 0xe2, 0x93,
  0xa3, 0x24, 0x21, 0x20, 0x82, 0x93, 0x4c, 0x16, 0x05, 0x24, 0x4d, 0x43,
  0x3c, 0x40, 0x4c, 0x16, 0xb0, 0x12, 0x04, 0x49, 0x3a, 0x40, 0x56, 0x59,
  0x4c, 0x43, 0x8a, 0x12, 0x7c, 0x40, 0x78, 0x00, 0xb0, 0x12, 0xd8, 0xb4,
  0x5c, 0x42, 0x9a, 0x14, 0x5c, 0x93, 0x06, 0x20, 0xa2, 0xb3, 0x9c, 0x14,
  0x03, 0x24, 0x03, 0x43, 0x30, 0x40, 0xe6, 0x60, 0x4c, 0x43, 0xb0, 0x12,
  0x1a, 0x5e, 0x4c, 0x43, 0x8a, 0x12, 0x30, 0x40, 0xe6, 0x60, 0x4c, 0x43,
  0xb0, 0x12, 0x7e, 0x59, 0xb0, 0x12, 0xfe, 0x5e, 0x30, 0x40, 0xe6, 0x60,
  0x0a, 0x12, 0x09, 0x12, 0x08, 0x12, 0x07, 0x12, 0xb0, 0x12, 0x10, 0x43,
  0xc2, 0x43, 0x50, 0x05, 0x39, 0x40, 0xa2, 0x24, 0x82, 0x43, 0xa8, 0x24,
  0x82, 0x43, 0xaa, 0x24, 0xd2, 0x43, 0xa4, 0x24, 0xc2, 0x43, 0x9f, 0x14,
  0x0a, 0x49, 0xd2, 0x93, 0xa5, 0x24, 0x3f, 0x20, 0x3a, 0x40, 0x56, 0x59,
  0x4c, 0x43, 0x8a, 0x12, 0x7c, 0x40, 0x3c, 0x00, 0xb0, 0x12, 0xd8, 0xb4,
  0xa2, 0xb3, 0x9c, 0x14, 0x0f, 0x24, 0xb0, 0x12, 0xc6, 0x5f, 0x5c, 0x43,
  0xb0, 0x12, 0x1a, 0x5e, 0x5c, 0x43, 0x8a, 0x12, 0xe2, 0x43, 0xa3, 0x24,
  0x82, 0x43, 0xac, 0x24, 0x82, 0x43, 0xae, 0x24, 0x30, 0x40, 0x2e, 0xf4,
  0xf2, 0x40, 0x03, 0x00, 0xa3, 0x24, 0x99, 0x42, 0x9e, 0x24, 0x0a, 0x00,
  0x99, 0x42, 0xa0, 0x24, 0x0c, 0x00, 0x30, 0x40, 0x10, 0x62, 0xb0, 0x12,
  0xc4, 0xb4, 0xa9, 0xb2, 0x00, 0x00, 0x0a, 0x24, 0xe2, 0xb2, 0xa0, 0x14,
  0x07, 0x24, 0x3d, 0x40, 0x30, 0x75, 0x4e, 0x43, 0x0c, 0x47, 0x88, 0x12,
  0x5c, 0x93, 0xf1, 0x23, 0xf2, 0x40, 0x03, 0x00, 0xa3, 0x24, 0x9a, 0x42,
  0x9e, 0x24, 0x0a, 0x00, 0x9a, 0x42, 0xa0, 0x24, 0x0c, 0x00, 0x30, 0x40,
  0x10, 0x62, 0x39, 0x40, 0x64, 0x01, 0x38, 0x40, 0x2e, 0xb5, 0x07, 0x4a,
  0x37, 0x50, 0x06, 0x00, 0x30, 0x40, 0x2e, 0x62, 0x0a, 0x12, 0xd2, 0x93,
  0xa7, 0x14, 0x0a, 0x20, 0x1a, 0x42, 0x64, 0x01, 0x6a, 0xf2, 0x0a, 0x93,
  0x07, 0x24, 0xd2, 0x43, 0x0c, 0x04, 0x5c, 0x43, 0xb0, 0x12, 0x70, 0xb5,
  0x3a, 0x41, 0x30, 0x41, 0xc2, 0x4a, 0x0c, 0x04, 0xe2, 0xb2, 0xa0, 0x14,
  0xf6, 0x27, 0xb2, 0x40, 0x10, 0x0e, 0x9e, 0x24, 0x82, 0x43, 0xa0, 0x24,
  0xb0, 0x12, 0xb4, 0x61, 0xb0, 0x12, 0x06, 0xdd, 0xd2, 0x43, 0x4e, 0x05,
  0xc2, 0x4a, 0xa5, 0x24, 0xf2, 0x40, 0x0f, 0x00, 0x87, 0x05, 0x30, 0x40,
  0x86, 0x62, 0xc2, 0x93, 0xa7, 0x24, 0x0c, 0x20, 0xc2, 0x93, 0xa3, 0x24,
  0x09, 0x20, 0xd2, 0x43, 0x50, 0x05, 0x7e, 0x40, 0x16, 0x00, 0x4d, 0x43,
  0x3c, 0x40, 0xa2, 0x24, 0xb0, 0x12, 0x30, 0xf2, 0x30, 0x41, 0xb0, 0x12,
  0x58, 0x60, 0xc2, 0x93, 0xa3, 0x24, 0x04, 0x20, 0xb0, 0x12, 0x20, 0x4a,
  0xb0, 0x12, 0xbe, 0x62, 0x5c, 0x42, 0xa0, 0x14, 0x2c, 0xb2, 0x03, 0x24,
  0xa2, 0xb2, 0x64, 0x01, 0x0d, 0x24, 0xe2, 0x93, 0xa3, 0x24, 0x0a, 0x20,
  0x1c, 0xb3, 0x08, 0x24, 0xb2, 0xb2, 0x80, 0x02, 0x05, 0x24, 0xb2, 0x40,
  0x40, 0x00, 0x8e, 0x02, 0xb0, 0x12, 0x86, 0xdf, 0x30, 0x41, 0x0a, 0x12,
  0x3a, 0x40, 0xa2, 0x24, 0xd2, 0x93, 0xa4, 0x24, 0x55, 0x20, 0xc2, 0x93,
  0xa3, 0x24, 0x2e, 0x24, 0x1d, 0x4a, 0x0a, 0x00, 0x1c, 0x4a, 0x0c, 0x00,
  0x1c, 0x92, 0xa0, 0x24, 0x06, 0x28, 0x82, 0x9c, 0xa0, 0x24, 0x09, 0x20,
  0x1d, 0x92, 0x9e, 0x24, 0x06, 0x2c, 0x1d, 0x53, 0x8a, 0x4d, 0x0a, 0x00,
  0x0c, 0x63, 0x8a, 0x4c, 0x0c, 0x00, 0xd2, 0x93, 0xa7, 0x24, 0x3c, 0x20,
  0x1d, 0x4a, 0x12, 0x00, 0x1d, 0x53, 0x1c, 0x4a, 0x14, 0x00, 0x0c, 0x63,
  0x8a, 0x4d, 0x12, 0x00, 0x8a, 0x4c, 0x14, 0x00, 0xe2, 0xb2, 0xa0, 0x14,
  0x2f, 0x24, 0xa2, 0xb2, 0x64, 0x01, 0x2c, 0x20, 0x0c, 0x93, 0x22, 0x20,
  0x7c, 0x40, 0x3b, 0x00, 0x0c, 0x9d, 0x26, 0x2c, 0x30, 0x40, 0xc0, 0x63,
  0xd2, 0x93, 0xa7, 0x24, 0x21, 0x20, 0x1d, 0x4a, 0x12, 0x00, 0x1d, 0x53,
  0x1c, 0x4a, 0x14, 0x00, 0x0c, 0x63, 0x8a, 0x4d, 0x12, 0x00, 0x8a, 0x4c,
  0x14, 0x00, 0xe2, 0xb2, 0xa0, 0x14, 0x14, 0x24, 0xa2, 0xb2, 0x64, 0x01,
  0xe5, 0x27, 0x1c, 0x92, 0xa0, 0x24, 0x0e, 0x28, 0x82, 0x9c, 0xa0, 0x24,
  0x03, 0x20, 0x1d, 0x92, 0x9e, 0x24, 0x08, 0x28, 0xb0, 0x12, 0x46, 0x60,
  0x9a, 0x42, 0x9e, 0x24, 0x0a, 0x00, 0x9a, 0x42, 0xa0, 0x24, 0x0c, 0x00,
  0x3a, 0x41, 0x30, 0x41, 0x0a, 0x12, 0x09, 0x12, 0x0c, 0x4d, 0x0a, 0x4e,
  0x5d, 0x42, 0x17, 0x04, 0x0f, 0x4d, 0x0f, 0x5e, 0x59, 0x42, 0x16, 0x04,
  0x09, 0x9f, 0x09, 0x28, 0x3d, 0x50, 0x9e, 0x05, 0xb0, 0x12, 0xde, 0xf1,
  0xc2, 0x5a, 0x17, 0x04, 0x0c, 0x4a, 0x30, 0x40, 0x32, 0xf4, 0x4c, 0x43,
  0x30, 0x40, 0xfa, 0x63, 0x0a, 0x12, 0x09, 0x12, 0x08, 0x12, 0x07, 0x12,
  0x06, 0x12, 0x31, 0x80, 0x0c, 0x00, 0x07, 0x4d, 0x0a, 0x4e, 0x7c, 0x40,
  0x0f, 0x00, 0x1c, 0x92, 0x6e, 0x26, 0x46, 0x34, 0x7e, 0x40, 0x09, 0x00,
  0x4d, 0x43, 0x0c, 0x41, 0x3c, 0x50, 0x03, 0x00, 0xb0, 0x12, 0x30, 0xf2,
  0xf1, 0x40, 0x20, 0x00, 0x04, 0x00, 0x4c, 0x4a, 0x7c, 0x50, 0x05, 0x00,
  0xc1, 0x4c, 0x05, 0x00, 0x0c, 0x4a, 0x3c, 0x50, 0x05, 0x00, 0xb0, 0x12,
  0x3c, 0xf5, 0xc1, 0x4c, 0x06, 0x00, 0xd2, 0x93, 0xa7, 0x24, 0x03, 0x20,
  0xf1, 0x40, 0xaa, 0xff, 0x07, 0x00, 0x38, 0x40, 0x20, 0x25, 0x49, 0x43,
  0x36, 0x40, 0x7e, 0xe2, 0x7c, 0x42, 0x0c, 0x99, 0x1e, 0x28, 0x7c, 0x40,
  0x03, 0x00, 0x0c, 0x51, 0x0c, 0x59, 0x6d, 0x4c, 0x0c, 0x49, 0x3c, 0x50,
  0x62, 0x40, 0x86, 0x12, 0x19, 0x53, 0x18, 0x53, 0x39, 0x90, 0x1e, 0x00,
  0xef, 0x23, 0x4f, 0x43, 0xc1, 0x4f, 0x00, 0x00, 0x0e, 0x4a, 0x3e, 0x50,
  0x09, 0x00, 0x0d, 0x47, 0x7c, 0x40, 0xb2, 0xff, 0xb0, 0x12, 0x88, 0xba,
  0x0c, 0x4a, 0x31, 0x50, 0x0c, 0x00, 0x30, 0x40, 0x2c, 0xf4, 0x6d, 0x48,
  0x30, 0x40, 0x74, 0x64, 0x0e, 0x93, 0x05, 0x24, 0x1c, 0x42, 0x18, 0x04,
  0x2c, 0x52, 0xb0, 0x12, 0xde, 0xf1, 0x4f, 0x43, 0xc1, 0x4f, 0x00, 0x00,
  0x0e, 0x4a, 0x0d, 0x47, 0x7c, 0x40, 0xb0, 0xff, 0x30, 0x40, 0x98, 0x64,
  0x0a, 0x12, 0x09, 0x12, 0x31, 0x80, 0x18, 0x00, 0x39, 0x40, 0x14, 0x83,
  0x3a, 0x40, 0x12, 0x9b, 0x82, 0x93, 0x6e, 0x26, 0x19, 0x20, 0x81, 0x43,
  0x02, 0x00, 0xb1, 0x40, 0xc4, 0x26, 0x00, 0x00, 0x3f, 0x40, 0x04, 0x64,
  0x3e, 0x40, 0x6a, 0x26, 0x3d, 0x40, 0xd4, 0x63, 0x3c, 0x40, 0x6c, 0x26,
  0x89, 0x12, 0x7e, 0x40, 0x14, 0x00, 0x0d, 0x41, 0x2d, 0x52, 0x3c, 0x40,
  0x6c, 0x26, 0x8a, 0x12, 0x31, 0x50, 0x18, 0x00, 0x30, 0x40, 0x32, 0xf4,
  0x3c, 0x40, 0x6c, 0x26, 0xb0, 0x12, 0x04, 0x83, 0xc2, 0x43, 0x17, 0x04,
  0xc2, 0x43, 0x16, 0x04, 0x30, 0x40, 0xe2, 0x64, 0x31, 0x80, 0x0c, 0x00,
  0x3c, 0x40, 0x86, 0x05, 0xd2, 0x93, 0x8c, 0x05, 0x08, 0x20, 0xc2, 0x43,
  0x8c, 0x05, 0x5d, 0x4c, 0x02, 0x00, 0x4d, 0x93, 0x05, 0x24, 0x5d, 0x93,
  0x07, 0x24, 0x31, 0x50, 0x0c, 0x00, 0x30, 0x41, 0xb0, 0x12, 0xcc, 0x64,
  0x30, 0x40, 0x46, 0x65, 0xd2, 0x93, 0xa7, 0x24, 0x18, 0x20, 0x7c, 0x40,
  0x0f, 0x00, 0x1c, 0x92, 0x6e, 0x26, 0x08, 0x34, 0x1e, 0x42, 0xfe, 0x14,
  0x3d, 0x40, 0x3e, 0x25, 0x3c, 0x40, 0x6c, 0x26, 0xb0, 0x12, 0x12, 0x9b,
  0x7e, 0x40, 0x16, 0x00, 0x4d, 0x43, 0x3c, 0x40, 0xa2, 0x24, 0xb0, 0x12,
  0x30, 0xf2, 0xd2, 0x43, 0x50, 0x05, 0x30, 0x40, 0x46, 0x65, 0xf1, 0x43,
  0x04, 0x00, 0x5f, 0x43, 0x5c, 0x4c, 0x01, 0x00, 0xc1, 0x4f, 0x02, 0x00,
  0x81, 0x43, 0x00, 0x00, 0x0e, 0x41, 0x2e, 0x52, 0xb0, 0x12, 0x28, 0xbf,
  0x30, 0x40, 0x74, 0x65, 0x0a, 0x12, 0x09, 0x12, 0x08, 0x12, 0x07, 0x12,
  0x21, 0x82, 0x0f, 0x4d, 0x0a, 0x4e, 0xb2, 0xd0, 0x03, 0x00, 0x44, 0x01,
  0x68, 0x42, 0x37, 0x40, 0x42, 0x01, 0x0a, 0x93, 0x04, 0x20, 0x0c, 0x4a,
  0x21, 0x52, 0x30, 0x40, 0x2e, 0xf4, 0x09, 0x4a, 0x6c, 0x42, 0x0c, 0x9a,
  0x01, 0x2c, 0x09, 0x48, 0x92, 0x43, 0x40, 0x01, 0xa2, 0x43, 0x40, 0x01,
  0x97, 0xb3, 0x00, 0x00, 0xfd, 0x27, 0x91, 0x42, 0x4a, 0x01, 0x00, 0x00,
  0x91, 0x42, 0x4c, 0x01, 0x02, 0x00, 0x82, 0x43, 0x40, 0x01, 0x0e, 0x49,
  0x0d, 0x41, 0x0c, 0x4f, 0xb0, 0x12, 0xde, 0xf1, 0x0f, 0x4c, 0x0f, 0x59,
  0x0a, 0x89, 0x30, 0x40, 0xc2, 0x65, 0x7e, 0x40, 0x24, 0x00, 0x4d, 0x43,
  0xb0, 0x12, 0x30, 0xf2, 0x30, 0x41, 0x0c, 0x93, 0x05, 0x24, 0x0d, 0x4c,
  0x3d, 0x50, 0x24, 0x00, 0x0c, 0x9d, 0x01, 0x20, 0x30, 0x41, 0xcc, 0x43,
  0x00, 0x00, 0x1c, 0x53, 0x30, 0x40, 0x20, 0x66, 0x0a, 0x12, 0x09, 0x12,
  0x08, 0x12, 0x21, 0x83, 0x0a, 0x4c, 0x08, 0x4e, 0x0c, 0x4e, 0x3c, 0x50,
  0x80, 0xff, 0x81, 0x4d, 0x00, 0x00, 0xb0, 0x12, 0x44, 0xf5, 0x8a, 0x4c,
  0x00, 0x00, 0x09, 0x4a, 0x29, 0x52, 0x8a, 0x49, 0x02, 0x00, 0x0c, 0x48,
  0xb0, 0x12, 0x50, 0xf5, 0x0e, 0x4c, 0x2d, 0x41, 0x0c, 0x49, 0xb0, 0x12,
  0xde, 0xf1, 0x4c, 0x43, 0x21, 0x53, 0x30, 0x40, 0x30, 0xf4, 0xb0, 0x12,
  0x30, 0x66, 0x30, 0x41, 0x3e, 0x40, 0x44, 0x03, 0x82, 0x43, 0x44, 0x03,
  0x3c, 0xf0, 0xff, 0x00, 0x8e, 0xdc, 0x00, 0x00, 0x0c, 0x4e, 0x1d, 0x93,
  0x0a, 0x20, 0xbe, 0xd0, 0x10, 0x00, 0x00, 0x00, 0xbc, 0xd0, 0x00, 0x01,
  0x00, 0x00, 0xbc, 0xd0, 0x40, 0x00, 0x00, 0x00, 0x30, 0x41, 0x0d, 0x93,
  0xf7, 0x23, 0xbe, 0xf0, 0xef, 0xff, 0x00, 0x00, 0x30, 0x40, 0x90, 0x66,
  0x4c, 0x43, 0x30, 0x41, 0x0a, 0x12, 0x09, 0x12, 0x08, 0x12, 0x07, 0x12,
  0x06, 0x12, 0x05, 0x12, 0x04, 0x12, 0x09, 0x4c, 0x08, 0x4d, 0x0a, 0x4e,
  0x05, 0x4f, 0x16, 0x41, 0x12, 0x00, 0x3e, 0x90, 0x10, 0x00, 0x97, 0x24,
  0x2c, 0x4c, 0xb0, 0x12, 0x74, 0x66, 0x2c, 0x49, 0x0c, 0x93, 0x29, 0x24,
  0x1c, 0x93, 0x2b, 0x24, 0x2c, 0x93, 0x2d, 0x20, 0x7e, 0x40, 0x20, 0x00,
  0x34, 0x40, 0xde, 0xf1, 0x1d, 0x49, 0x02, 0x00, 0x3c, 0x40, 0x70, 0x03,
  0x84, 0x12, 0x7e, 0x40, 0x10, 0x00, 0x0d, 0x45, 0x3c, 0x40, 0xa0, 0x03,
  0x84, 0x12, 0x08, 0x93, 0x37, 0x20, 0x49, 0x43, 0x35, 0x40, 0xde, 0xf1,
  0x37, 0x40, 0x40, 0x03, 0x34, 0x40, 0x48, 0x03, 0x08, 0x43, 0x08, 0x89,
  0x1d, 0x41, 0x10, 0x00, 0x0d, 0x58, 0x08, 0x56, 0x0c, 0x4a, 0x0c, 0x59,
  0x0c, 0x93, 0x0e, 0x20, 0x4c, 0x43, 0x30, 0x40, 0x28, 0xf4, 0x7e, 0x40,
  0x10, 0x00, 0x30, 0x40, 0xe8, 0x66, 0x7e, 0x40, 0x18, 0x00, 0x30, 0x40,
  0xe8, 0x66, 0x7e, 0x42, 0x30, 0x40, 0xe8, 0x66, 0x7e, 0x40, 0x10, 0x00,
  0x3c, 0x40, 0xb0, 0x03, 0x85, 0x12, 0xb7, 0xd0, 0x03, 0x00, 0x00, 0x00,
  0x94, 0xb3, 0x00, 0x00, 0xfd, 0x27, 0x7e, 0x40, 0x10, 0x00, 0x3d, 0x40,
  0x60, 0x03, 0x0c, 0x48, 0x85, 0x12, 0xb7, 0xf0, 0xfc, 0xff, 0x00, 0x00,
  0x39, 0x50, 0xf0, 0xff, 0x30, 0x40, 0x14, 0x67, 0x3c, 0x40, 0xff, 0x01,
  0x0c, 0x9a, 0x29, 0x28, 0x49, 0x43, 0x35, 0x40, 0xde, 0xf1, 0x37, 0x40,
  0x40, 0x03, 0x34, 0x40, 0x48, 0x03, 0x08, 0x43, 0x08, 0x89, 0x1d, 0x41,
  0x10, 0x00, 0x0d, 0x58, 0x08, 0x56, 0x0c, 0x4a, 0x0c, 0x59, 0x0c, 0x93,
  0xc5, 0x27, 0x7e, 0x40, 0x10, 0x00, 0x3c, 0x40, 0xb0, 0x03, 0x85, 0x12,
  0xb7, 0xd0, 0x03, 0x00, 0x00, 0x00, 0x94, 0xb3, 0x00, 0x00, 0xfd, 0x27,
  0x7e, 0x40, 0x10, 0x00, 0x3d, 0x40, 0x60, 0x03, 0x0c, 0x48, 0x85, 0x12,
  0xb7, 0xf0, 0xfc, 0xff, 0x00, 0x00, 0x39, 0x50, 0xf0, 0xff, 0x30, 0x40,
  0x8a, 0x67, 0x3a, 0xf0, 0xf0, 0xff, 0x3a, 0x53, 0x82, 0x4a, 0x50, 0x03,
  0xb2, 0x40, 0x80, 0x40, 0x54, 0x03, 0xb2, 0x40, 0x80, 0x40, 0x58, 0x03,
  0xb2, 0xd0, 0x05, 0x00, 0x40, 0x03, 0x3c, 0x40, 0x48, 0x03, 0xac, 0xb3,
  0x00, 0x00, 0xfd, 0x27, 0xb2, 0xf0, 0xfa, 0xff, 0x40, 0x03, 0x30, 0x40,
  0x28, 0x67, 0x0d, 0x93, 0x82, 0x27, 0x30, 0x40, 0x7c, 0x67, 0x0c, 0x93,
  0x05, 0x24, 0x2c, 0x4c, 0x0c, 0x93, 0x02, 0x24, 0x1c, 0x4c, 0x0c, 0x00,
  0x30, 0x41, 0x0e, 0x5c, 0x0f, 0x4e, 0x0f, 0x8c, 0x0f, 0x9d, 0x01, 0x28,
  0x30, 0x41, 0xce, 0x43, 0x00, 0x00, 0x1e, 0x53, 0x30, 0x40, 0x18, 0x68,
  0x0c, 0x93, 0x06, 0x24, 0x0e, 0x93, 0x04, 0x24, 0x8e, 0x4d, 0x00, 0x00,
  0x4c, 0x43, 0x30, 0x41, 0x3c, 0x40, 0x00, 0x9f, 0x30, 0x40, 0x3a, 0x68,
  0x0a, 0x12, 0x09, 0x12, 0x08, 0x12, 0x07, 0x12, 0x06, 0x12, 0x05, 0x12,
  0x21, 0x83, 0x08, 0x4c, 0x09, 0x4e, 0x0c, 0x93, 0x25, 0x24, 0x0e, 0x93,
  0x23, 0x24, 0x8e, 0x43, 0x00, 0x00, 0x4a, 0x43, 0x37, 0x40, 0xe2, 0xf3,
  0x0d, 0x93, 0x04, 0x20, 0x0c, 0x4d, 0x21, 0x53, 0x30, 0x40, 0x2a, 0xf4,
  0x05, 0x4d, 0x35, 0x53, 0x0c, 0x48, 0x0c, 0x55, 0x6e, 0x4c, 0x0c, 0x43,
  0x0c, 0x8e, 0x81, 0x4d, 0x00, 0x00, 0xb0, 0x12, 0x20, 0xf5, 0x4c, 0xda,
  0x46, 0x4c, 0x4c, 0xea, 0x2d, 0x41, 0x3c, 0xf0, 0xff, 0x00, 0x87, 0x12,
  0x89, 0xdc, 0x00, 0x00, 0x0d, 0x45, 0x0a, 0x46, 0x30, 0x40, 0x68, 0x68,
  0x3c, 0x40, 0x00, 0x9f, 0x30, 0x40, 0x6e, 0x68, 0x82, 0x93, 0xbc, 0x14,
  0x0b, 0x20, 0x3c, 0x40, 0xc6, 0x26, 0x3e, 0x40, 0x5a, 0x6e, 0x2d, 0x4e,
  0x0d, 0x93, 0x07, 0x20, 0x8c, 0x4d, 0x00, 0x00, 0x92, 0x43, 0xbc, 0x14,
  0x3c, 0x40, 0xc6, 0x26, 0x30, 0x41, 0x2e, 0x52, 0x8c, 0x4d, 0x00, 0x00,
  0x2c, 0x53, 0x30, 0x40, 0xba, 0x68, 0x3d, 0x40, 0x5a, 0x6e, 0x1e, 0x4d,
  0x02, 0x00, 0x0e, 0x93, 0x02, 0x20, 0x0c, 0x4e, 0x30, 0x41, 0x8d, 0x9c,
  0x00, 0x00, 0xfb, 0x27, 0x2d, 0x52, 0x30, 0x40, 0xde, 0x68, 0x0a, 0x12,
  0x09, 0x12, 0x08, 0x12, 0x07, 0x12, 0x09, 0x4c, 0x0c, 0x93, 0x11, 0x24,
  0x38, 0x40, 0x5c, 0x6e, 0x37, 0x40, 0x44, 0xf2, 0x2a, 0x48, 0x0a, 0x93,
  0x07, 0x24, 0x0d, 0x49, 0x1c, 0x4a, 0x06, 0x00, 0x87, 0x12, 0x28, 0x52,
  0x0c, 0x93, 0xf6, 0x23, 0x0c, 0x4a, 0x30, 0x40, 0x2e, 0xf4, 0x0a, 0x4c,
  0x30, 0x40, 0x20, 0x69, 0x0a, 0x12, 0x3b, 0x40, 0x5c, 0x6e, 0x2f, 0x4b,
  0x0f, 0x93, 0x03, 0x20, 0x0c, 0x4f, 0x3a, 0x41, 0x30, 0x41, 0x1a, 0x4f,
  0x0e, 0x00, 0x8a, 0x9c, 0x00, 0x00, 0x06, 0x20, 0x8f, 0x9d, 0x04, 0x00,
  0x03, 0x20, 0x8f, 0x9e, 0x02, 0x00, 0xf2, 0x27, 0x2b, 0x52, 0x30, 0x40,
  0x32, 0x69, 0x7e, 0x40, 0x30, 0x00, 0x4d, 0x43, 0xb0, 0x12, 0x30, 0xf2,
  0x30, 0x41, 0x0a, 0x12, 0x0a, 0x4c, 0x0c, 0x93, 0x0f, 0x24, 0x1c, 0x4c,
  0x2e, 0x00, 0x0c, 0x93, 0x06, 0x24, 0x2d, 0x4a, 0x1d, 0x4d, 0x0e, 0x00,
  0x1d, 0x4d, 0x0c, 0x00, 0x8d, 0x12, 0x0c, 0x4a, 0x3c, 0x50, 0x30, 0x00,
  0x0a, 0x9c, 0x02, 0x20, 0x3a, 0x41, 0x30, 0x41, 0xca, 0x43, 0x00, 0x00,
  0x1a, 0x53, 0x30, 0x40, 0x88, 0x69, 0x0a, 0x12, 0x0c, 0x93, 0x04, 0x20,
  0x3c, 0x40, 0x00, 0x9f, 0x3a, 0x41, 0x30, 0x41, 0x2b, 0x4c, 0x0b, 0x93,
  0xf9, 0x27, 0xeb, 0xb3, 0x0a, 0x00, 0x03, 0x20, 0x8b, 0x9e, 0x04, 0x00,
  0xf3, 0x23, 0x8c, 0x4e, 0x02, 0x00, 0x8c, 0x4f, 0x04, 0x00, 0x1f, 0x93,
  0x08, 0x24, 0x1a, 0x4b, 0x02, 0x00, 0x3a, 0x90, 0x03, 0x00, 0x03, 0x24,
  0x3a, 0x90, 0x05, 0x00, 0x09, 0x20, 0x1f, 0x4b, 0x0e, 0x00, 0x1c, 0x4c,
  0x2e, 0x00, 0x1f, 0x4f, 0x06, 0x00, 0x8f, 0x12, 0x30, 0x40, 0xa4, 0x69,
  0x0f, 0x93, 0xda, 0x23, 0x1f, 0x4b, 0x0e, 0x00, 0x1c, 0x4c, 0x2e, 0x00,
  0x1f, 0x4f, 0x08, 0x00, 0x30, 0x40, 0xe2, 0x69, 0x0a, 0x12, 0x09, 0x12,
  0x09, 0x4c, 0x0a, 0x4e, 0x0c, 0x93, 0x20, 0x24, 0x2c, 0x4c, 0x0c, 0x93,
  0x1d, 0x24, 0x0d, 0x93, 0x1b, 0x24, 0x7e, 0x40, 0x10, 0x00, 0x0e, 0x9a,
  0x13, 0x28, 0xdc, 0xb3, 0x0a, 0x00, 0x05, 0x20, 0x1c, 0x4c, 0x08, 0x00,
  0x0a, 0x9c, 0x10, 0x28, 0x0a, 0x4c, 0x0e, 0x4a, 0x0c, 0x49, 0x3c, 0x50,
  0x1c, 0x00, 0xb0, 0x12, 0xde, 0xf1, 0x89, 0x4a, 0x2c, 0x00, 0x4c, 0x43,
  0x30, 0x40, 0x32, 0xf4, 0x3c, 0x40, 0x80, 0x9f, 0x30, 0x40, 0x3c, 0x6a,
  0x3c, 0x40, 0x00, 0x9f, 0x30, 0x40, 0x3c, 0x6a, 0x0c, 0x93, 0x07, 0x24,
  0x8c, 0x93, 0x00, 0x00, 0x04, 0x24, 0x8c, 0x43, 0x1a, 0x00, 0x4c, 0x43,
  0x30, 0x41, 0x3c, 0x40, 0x00, 0x9f, 0x30, 0x40, 0x60, 0x6a, 0x0a, 0x12,
  0x09, 0x12, 0x08, 0x12, 0x07, 0x12, 0x06, 0x12, 0x05, 0x12, 0x04, 0x12,
  0x31, 0x80, 0x06, 0x00, 0x0a, 0x4c, 0x07, 0x4d, 0x09, 0x4e, 0x05, 0x4f,
  0x16, 0x41, 0x16, 0x00, 0x0c, 0x93, 0x06, 0x20, 0x3c, 0x40, 0x00, 0x9f,
  0x31, 0x50, 0x06, 0x00, 0x30, 0x40, 0x28, 0xf4, 0x24, 0x4c, 0x04, 0x93,
  0xf7, 0x27, 0x06, 0x93, 0xf5, 0x27, 0x86, 0x43, 0x00, 0x00, 0xb0, 0x12,
  0x06, 0x68, 0x08, 0x4c, 0x1e, 0x44, 0x02, 0x00, 0x1e, 0x93, 0x11, 0x20,
  0x0c, 0x99, 0x9d, 0x20, 0x86, 0x4c, 0x00, 0x00, 0x19, 0x44, 0x0e, 0x00,
  0x0f, 0x45, 0x0e, 0x47, 0x1d, 0x4a, 0x04, 0x00, 0x1c, 0x4a, 0x2e, 0x00,
  0x19, 0x49, 0x02, 0x00, 0x89, 0x12, 0x30, 0x40, 0x90, 0x6a, 0x0c, 0x93,
  0x90, 0x24, 0x07, 0x95, 0x0d, 0x20, 0x8a, 0x93, 0x1a, 0x00, 0xd4, 0x23,
  0x0d, 0x4c, 0x0c, 0x49, 0x81, 0x4e, 0x04, 0x00, 0xb0, 0x12, 0x88, 0xf3,
  0x1e, 0x41, 0x04, 0x00, 0x0c, 0x93, 0xca, 0x23, 0x2e, 0x93, 0x83, 0x20,
  0x1c, 0x4a, 0x04, 0x00, 0x0c, 0x93, 0x13, 0x20, 0x0c, 0x49, 0x1c, 0x5a,
  0x1a, 0x00, 0x08, 0x9c, 0x15, 0x28, 0x1c, 0x4a, 0x1a, 0x00, 0x3c, 0x50,
  0x0a, 0x00, 0x0e, 0x49, 0x0d, 0x47, 0x0c, 0x5a, 0xb0, 0x12, 0xde, 0xf1,
  0x8a, 0x59, 0x1a, 0x00, 0x4c, 0x43, 0x30, 0x40, 0x90, 0x6a, 0x1c, 0x93,
  0x05, 0x20, 0x0c, 0x49, 0x1c, 0x5a, 0x1a, 0x00, 0x0c, 0x98, 0xeb, 0x2b,
  0x1c, 0x4a, 0x1a, 0x00, 0x0c, 0x93, 0x27, 0x24, 0x04, 0x48, 0x04, 0x8c,
  0x3c, 0x50, 0x0a, 0x00, 0x0e, 0x44, 0x0d, 0x47, 0x0c, 0x5a, 0xb0, 0x12,
  0xde, 0xf1, 0x1d, 0x4a, 0x04, 0x00, 0x1c, 0x4a, 0x2e, 0x00, 0x2e, 0x4a,
  0x1b, 0x4e, 0x0e, 0x00, 0x81, 0x45, 0x02, 0x00, 0x0e, 0x4a, 0x3e, 0x50,
  0x0a, 0x00, 0x81, 0x4e, 0x00, 0x00, 0x0f, 0x4a, 0x3f, 0x50, 0x1c, 0x00,
  0x0e, 0x48, 0x1b, 0x4b, 0x04, 0x00, 0x8b, 0x12, 0x0c, 0x93, 0x88, 0x23,
  0x86, 0x58, 0x00, 0x00, 0x05, 0x58, 0x8a, 0x4c, 0x1a, 0x00, 0x07, 0x54,
  0x09, 0x84, 0x09, 0x93, 0xc9, 0x27, 0x0d, 0x48, 0x0c, 0x49, 0xb0, 0x12,
  0x88, 0xf3, 0x04, 0x4c, 0x0c, 0x93, 0x04, 0x20, 0x8a, 0x93, 0x04, 0x00,
  0x01, 0x20, 0x04, 0x48, 0x09, 0x84, 0x0e, 0x44, 0x0d, 0x47, 0x0d, 0x59,
  0x0c, 0x4a, 0x3c, 0x50, 0x0a, 0x00, 0xb0, 0x12, 0xde, 0xf1, 0x8a, 0x54,
  0x1a, 0x00, 0x09, 0x93, 0xb1, 0x27, 0x1d, 0x4a, 0x04, 0x00, 0x1c, 0x4a,
  0x2e, 0x00, 0x2e, 0x4a, 0x18, 0x4e, 0x0e, 0x00, 0x81, 0x45, 0x02, 0x00,
  0x81, 0x47, 0x00, 0x00, 0x0f, 0x4a, 0x3f, 0x50, 0x1c, 0x00, 0x0e, 0x49,
  0x18, 0x48, 0x04, 0x00, 0x88, 0x12, 0x0c, 0x93, 0x53, 0x23, 0x86, 0x59,
  0x00, 0x00, 0x30, 0x40, 0x90, 0x6a, 0x3c, 0x40, 0x80, 0x9d, 0x30, 0x40,
  0x90, 0x6a, 0x3c, 0x40, 0x80, 0x9c, 0x30, 0x40, 0x90, 0x6a, 0x3c, 0x40,
  0x80, 0x9f, 0x30, 0x40, 0x90, 0x6a, 0x0a, 0x12, 0x09, 0x12, 0x08, 0x12,
  0x07, 0x12, 0x06, 0x12, 0x21, 0x82, 0x0a, 0x4c, 0x07, 0x4d, 0x08, 0x4e,
  0x0c, 0x93, 0x6e, 0x24, 0x2e, 0x4c, 0x0e, 0x93, 0x6b, 0x24, 0x08, 0x93,
  0x69, 0x24, 0x88, 0x43, 0x00, 0x00, 0x1d, 0x4e, 0x02, 0x00, 0x3d, 0x90,
  0x03, 0x00, 0x66, 0x24, 0x0f, 0x4d, 0x3f, 0x50, 0xfb, 0xff, 0x69, 0x43,
  0x09, 0x9f, 0x60, 0x2c, 0x1d, 0x93, 0x08, 0x20, 0x49, 0x43, 0x8a, 0x99,
  0x1a, 0x00, 0x4d, 0x24, 0x39, 0x40, 0x80, 0x9d, 0x30, 0x40, 0xea, 0x6c,
  0x2d, 0x93, 0x57, 0x20, 0x9c, 0x93, 0x04, 0x00, 0x39, 0x20, 0x1f, 0x4c,
  0x06, 0x00, 0x0f, 0x93, 0xef, 0x27, 0x3c, 0x50, 0x0a, 0x00, 0x1d, 0x4a,
  0x2c, 0x00, 0x0d, 0x93, 0x02, 0x20, 0x1d, 0x4e, 0x08, 0x00, 0x1e, 0x4a,
  0x1a, 0x00, 0x8f, 0x12, 0x36, 0x40, 0x06, 0x68, 0x0c, 0x4a, 0x86, 0x12,
  0x1d, 0x4a, 0x04, 0x00, 0x2e, 0x4a, 0x19, 0x4e, 0x0e, 0x00, 0x81, 0x47,
  0x02, 0x00, 0x0e, 0x4a, 0x3e, 0x50, 0x0a, 0x00, 0x81, 0x4e, 0x00, 0x00,
  0x0f, 0x4a, 0x3f, 0x50, 0x1c, 0x00, 0x0e, 0x4c, 0x1c, 0x4a, 0x2e, 0x00,
  0x19, 0x49, 0x04, 0x00, 0x89, 0x12, 0x09, 0x4c, 0x0c, 0x93, 0x19, 0x20,
  0x0c, 0x4a, 0x8a, 0x93, 0x04, 0x00, 0x19, 0x20, 0x86, 0x12, 0x0e, 0x48,
  0x0d, 0x4c, 0x0c, 0x47, 0x1a, 0x4a, 0x08, 0x00, 0x8a, 0x12, 0x09, 0x4c,
  0x30, 0x40, 0xea, 0x6c, 0xb0, 0x12, 0x06, 0x68, 0x19, 0x4a, 0x1a, 0x00,
  0x0c, 0x99, 0xd0, 0x27, 0x8a, 0x93, 0x06, 0x00, 0xb5, 0x23, 0x09, 0x93,
  0xb3, 0x23, 0x0c, 0x49, 0x21, 0x52, 0x30, 0x40, 0x2c, 0xf4, 0x86, 0x12,
  0x88, 0x4c, 0x00, 0x00, 0x30, 0x40, 0xea, 0x6c, 0x39, 0x40, 0x00, 0x9f,
  0x30, 0x40, 0xea, 0x6c, 0x49, 0x43, 0x30, 0x40, 0xea, 0x6c, 0x39, 0x40,
  0x80, 0x9f, 0x30, 0x40, 0xea, 0x6c, 0x0c, 0x93, 0x1c, 0x24, 0x2e, 0x4c,
  0xae, 0x93, 0x02, 0x00, 0x18, 0x20, 0x3d, 0x90, 0x03, 0x00, 0x06, 0x24,
  0x2d, 0x92, 0x0c, 0x24, 0x3c, 0x40, 0x80, 0x9f, 0x30, 0x40, 0x3e, 0x6d,
  0xbc, 0x40, 0x16, 0x68, 0x06, 0x00, 0xbc, 0x40, 0x44, 0x68, 0x08, 0x00,
  0x4c, 0x43, 0x30, 0x41, 0x8c, 0x43, 0x06, 0x00, 0xbc, 0x40, 0x2c, 0x68,
  0x08, 0x00, 0x30, 0x40, 0x3c, 0x6d, 0x3c, 0x40, 0x00, 0x9f, 0x30, 0x40,
  0x3e, 0x6d, 0x0a, 0x12, 0x09, 0x12, 0x0a, 0x4c, 0x09, 0x4d, 0x0d, 0x93,
  0x19, 0x24, 0x0c, 0x93, 0x17, 0x24, 0x7e, 0x40, 0x30, 0x00, 0x4d, 0x43,
  0xb0, 0x12, 0x30, 0xf2, 0x1c, 0x49, 0x0e, 0x00, 0x1c, 0x4c, 0x0a, 0x00,
  0x8c, 0x12, 0x8a, 0x4c, 0x2e, 0x00, 0x0c, 0x93, 0x0d, 0x24, 0x8a, 0x49,
  0x00, 0x00, 0x6d, 0x42, 0x0c, 0x4a, 0xb0, 0x12, 0x12, 0x6d, 0x4c, 0x43,
  0x30, 0x40, 0x32, 0xf4, 0x3c, 0x40, 0x00, 0x9f, 0x30, 0x40, 0x90, 0x6d,
  0x3c, 0x40, 0x80, 0x9e, 0x30, 0x40, 0x90, 0x6d, 0x0a, 0x12, 0x09, 0x12,
  0x08, 0x12, 0x07, 0x12, 0x21, 0x82, 0x09, 0x4c, 0x07, 0x4f, 0x18, 0x41,
  0x10, 0x00, 0x1a, 0x41, 0x12, 0x00, 0xb0, 0x12, 0xfc, 0x69, 0x0c, 0x93,
  0x1c, 0x20, 0x0c, 0x49, 0xb0, 0x12, 0x50, 0x6a, 0x0c, 0x93, 0x17, 0x20,
  0x81, 0x4a, 0x00, 0x00, 0x0f, 0x48, 0x1e, 0x41, 0x0e, 0x00, 0x0d, 0x47,
  0x0c, 0x49, 0xb0, 0x12, 0x6a, 0x6a, 0x0c, 0x93, 0x0c, 0x20, 0x0e, 0x41,
  0x2e, 0x53, 0x0d, 0x48, 0x2d, 0x5a, 0x0c, 0x49, 0xb0, 0x12, 0x0a, 0x6c,
  0x0c, 0x93, 0x03, 0x20, 0x9a, 0x51, 0x02, 0x00, 0x00, 0x00, 0x21, 0x52,
  0x30, 0x40, 0x2e, 0xf4, 0x0a, 0x12, 0x0a, 0x4c, 0xb0, 0x12, 0x16, 0x66,
  0x0c, 0x4a, 0x1d, 0x42, 0xaa, 0x14, 0x8d, 0x12, 0x3a, 0x41, 0x30, 0x41,
  0x0a, 0x12, 0x7d, 0x40, 0x24, 0x00, 0x5c, 0x43, 0x1e, 0x42, 0xac, 0x14,
  0x8e, 0x12, 0x0a, 0x4c, 0x0c, 0x93, 0x02, 0x24, 0xb0, 0x12, 0x0a, 0x66,
  0x0c, 0x4a, 0x3a, 0x41, 0x30, 0x41, 0xb0, 0x12, 0x30, 0x66, 0x30, 0x41,
  0xb0, 0x12, 0x6e, 0x66, 0x30, 0x41, 0x21, 0x82, 0x91, 0x41, 0x08, 0x00,
  0x02, 0x00, 0x91, 0x41, 0x06, 0x00, 0x00, 0x00, 0xb0, 0x12, 0xb0, 0x66,
  0x21, 0x52, 0x30, 0x41, 0xb0, 0x12, 0xac, 0x66, 0x30, 0x41, 0x02, 0x00,
  0x0e, 0x6f, 0x03, 0x00, 0xf2, 0x6e, 0x04, 0x00, 0xd6, 0x6e, 0x05, 0x00,
  0xba, 0x6e, 0x06, 0x00, 0x9e, 0x6e, 0x07, 0x00, 0x82, 0x6e, 0x00, 0x00,
  0x00, 0x00, 0x41, 0x45, 0x53, 0x2d, 0x32, 0x35, 0x36, 0x2d, 0x43, 0x42,
  0x43, 0x00, 0x07, 0x00, 0x02, 0x00, 0x00, 0x01, 0x76, 0x6e, 0x10, 0x00,
  0x00, 0x00, 0x10, 0x00, 0x1e, 0x6f, 0x41, 0x45, 0x53, 0x2d, 0x31, 0x39,
  0x32, 0x2d, 0x43, 0x42, 0x43, 0x00, 0x06, 0x00, 0x02, 0x00, 0xc0, 0x00,
  0x92, 0x6e, 0x10, 0x00, 0x00, 0x00, 0x10, 0x00, 0x1e, 0x6f, 0x41, 0x45,
  0x53, 0x2d, 0x31, 0x32, 0x38, 0x2d, 0x43, 0x42, 0x43, 0x00, 0x05, 0x00,
  0x02, 0x00, 0x80, 0x00, 0xae, 0x6e, 0x10, 0x00, 0x00, 0x00, 0x10, 0x00,
  0x1e, 0x6f, 0x41, 0x45, 0x53, 0x2d, 0x32, 0x35, 0x36, 0x2d, 0x45, 0x43,
  0x42, 0x00, 0x04, 0x00, 0x01, 0x00, 0x00, 0x01, 0xca, 0x6e, 0x10, 0x00,
  0x00, 0x00, 0x10, 0x00, 0x1e, 0x6f, 0x41, 0x45, 0x53, 0x2d, 0x31, 0x39,
  0x32, 0x2d, 0x45, 0x43, 0x42, 0x00, 0x03, 0x00, 0x01, 0x00, 0xc0, 0x00,
  0xe6, 0x6e, 0x10, 0x00, 0x00, 0x00, 0x10, 0x00, 0x1e, 0x6f, 0x41, 0x45,
  0x53, 0x2d, 0x31, 0x32, 0x38, 0x2d, 0x45, 0x43, 0x42, 0x00, 0x02, 0x00,
  0x01, 0x00, 0x80, 0x00, 0x02, 0x6f, 0x10, 0x00, 0x00, 0x00, 0x10, 0x00,
  0x1e, 0x6f, 0x02, 0x00, 0x54, 0x6e, 0x3e, 0x6e, 0x38, 0x6e, 0x32, 0x6e,
  0x14, 0x6e, 0x00, 0x6e, 0x3c, 0x40, 0x92, 0x73, 0x30, 0x41, 0x0a, 0x12,
  0x09, 0x12, 0x0a, 0x4c, 0x0c, 0x93, 0x16, 0x24, 0x39, 0x40, 0x44, 0xf2,
  0x0d, 0x4c, 0x3c, 0x40, 0x84, 0x73, 0x89, 0x12, 0x0c, 0x93, 0x0a, 0x24,
  0x0d, 0x4a, 0x3c, 0x40, 0x8b, 0x73, 0x89, 0x12, 0x0c, 0x93, 0x08, 0x20,
  0x3c, 0x40, 0x0a, 0x74, 0x30, 0x40, 0x32, 0xf4, 0x3c, 0x40, 0x2a, 0x74,
  0x30, 0x40, 0x5c, 0x6f, 0x4c, 0x43, 0x30, 0x40, 0x5c, 0x6f, 0x3c, 0x90,
  0x05, 0x00, 0x09, 0x24, 0x3c, 0x90, 0x06, 0x00, 0x03, 0x20, 0x3c, 0x40,
  0x0a, 0x74, 0x30, 0x41, 0x4c, 0x43, 0x30, 0x40, 0x7e, 0x6f, 0x3c, 0x40,
  0x2a, 0x74, 0x30, 0x40, 0x7e, 0x6f, 0x7e, 0x40, 0x06, 0x00, 0x4d, 0x43,
  0xb0, 0x12, 0x30, 0xf2, 0x30, 0x41, 0x0a, 0x12, 0x0a, 0x4c, 0x0c, 0x93,
  0x1f, 0x24, 0x2d, 0x4c, 0x0d, 0x93, 0x1c, 0x24, 0x1c, 0x4c, 0x02, 0x00,
  0x0c, 0x93, 0x03, 0x24, 0x1d, 0x4d, 0x12, 0x00, 0x8d, 0x12, 0x1c, 0x4a,
  0x04, 0x00, 0x0c, 0x93, 0x0c, 0x24, 0x2d, 0x4a, 0x1d, 0x4d, 0x06, 0x00,
  0x0d, 0x5d, 0x0d, 0x5c, 0x0c, 0x9d, 0x0c, 0x20, 0x1c, 0x4a, 0x04, 0x00,
  0x1d, 0x42, 0xaa, 0x14, 0x8d, 0x12, 0x0c, 0x4a, 0x3c, 0x50, 0x06, 0x00,
  0x0a, 0x9c, 0x07, 0x20, 0x3a, 0x41, 0x30, 0x41, 0xcc, 0x43, 0x00, 0x00,
  0x1c, 0x53, 0x30, 0x40, 0xc8, 0x6f, 0xca, 0x43, 0x00, 0x00, 0x1a, 0x53,
  0x30, 0x40, 0xdc, 0x6f, 0x0c, 0x93, 0x13, 0x24, 0x2e, 0x4c, 0x0e, 0x93,
  0x10, 0x24, 0x0d, 0x93, 0x0e, 0x24, 0x2f, 0x4d, 0x0f, 0x93, 0x0b, 0x24,
  0x0e, 0x9f, 0x09, 0x20, 0x1d, 0x4d, 0x02, 0x00, 0x1c, 0x4c, 0x02, 0x00,
  0x1e, 0x4e, 0x14, 0x00, 0x8e, 0x12, 0x4c, 0x43, 0x30, 0x41, 0x3c, 0x40,
  0x00, 0xaf, 0x30, 0x40, 0x20, 0x70, 0x0a, 0x12, 0x09, 0x12, 0x08, 0x12,
  0x0a, 0x4c, 0x09, 0x4d, 0x08, 0x4e, 0x0d, 0x93, 0x23, 0x24, 0x0c, 0x93,
  0x21, 0x24, 0x1d, 0x4d, 0x10, 0x00, 0x8d, 0x12, 0x8a, 0x4c, 0x02, 0x00,
  0x0c, 0x93, 0x11, 0x24, 0x08, 0x93, 0x13, 0x24, 0x1d, 0x49, 0x06, 0x00,
  0x6c, 0x43, 0x1e, 0x42, 0xac, 0x14, 0x8e, 0x12, 0x8a, 0x4c, 0x04, 0x00,
  0x0c, 0x93, 0x09, 0x20, 0x1c, 0x4a, 0x02, 0x00, 0x19, 0x49, 0x12, 0x00,
  0x89, 0x12, 0x3c, 0x40, 0x80, 0xae, 0x30, 0x40, 0x7c, 0x70, 0x8a, 0x49,
  0x00, 0x00, 0x4c, 0x43, 0x30, 0x40, 0x30, 0xf4, 0x3c, 0x40, 0x00, 0xaf,
  0x30, 0x40, 0x7c, 0x70, 0x5e, 0x43, 0xb0, 0x12, 0x2a, 0x70, 0x30, 0x41,
  0x0c, 0x93, 0x0a, 0x24, 0x2d, 0x4c, 0x0d, 0x93, 0x07, 0x24, 0x1c, 0x4c,
  0x02, 0x00, 0x1d, 0x4d, 0x08, 0x00, 0x8d, 0x12, 0x4c, 0x43, 0x30, 0x41,
  0x3c, 0x40, 0x00, 0xaf, 0x30, 0x40, 0xa6, 0x70, 0x0c, 0x93, 0x0a, 0x24,
  0x2f, 0x4c, 0x0f, 0x93, 0x07, 0x24, 0x1c, 0x4c, 0x02, 0x00, 0x1f, 0x4f,
  0x0a, 0x00, 0x8f, 0x12, 0x4c, 0x43, 0x30, 0x41, 0x3c, 0x40, 0x00, 0xaf,
  0x30, 0x40, 0xc6, 0x70, 0x0c, 0x93, 0x0a, 0x24, 0x2e, 0x4c, 0x0e, 0x93,
  0x07, 0x24, 0x1c, 0x4c, 0x02, 0x00, 0x1e, 0x4e, 0x0c, 0x00, 0x8e, 0x12,
  0x4c, 0x43, 0x30, 0x41, 0x3c, 0x40, 0x00, 0xaf, 0x30, 0x40, 0xe6, 0x70,
  0x0b, 0x4c, 0x0c, 0x4d, 0x0d, 0x4e, 0x0e, 0x4f, 0x0b, 0x93, 0x05, 0x24,
  0x1b, 0x4b, 0x0e, 0x00, 0x8b, 0x12, 0x4c, 0x43, 0x30, 0x41, 0x3c, 0x40,
  0x00, 0xaf, 0x30, 0x40, 0x04, 0x71, 0x0a, 0x12, 0x09, 0x12, 0x08, 0x12,
  0x07, 0x12, 0x06, 0x12, 0x05, 0x12, 0x31, 0x80, 0x20, 0x00, 0x0a, 0x4c,
  0x09, 0x4d, 0x07, 0x4e, 0x0c, 0x93, 0x64, 0x24, 0x2d, 0x4c, 0x0d, 0x93,
  0x61, 0x24, 0x8c, 0x93, 0x04, 0x00, 0x5e, 0x24, 0x8d, 0x9e, 0x06, 0x00,
  0x18, 0x2c, 0x1c, 0x4c, 0x02, 0x00, 0x1d, 0x4d, 0x08, 0x00, 0x8d, 0x12,
  0x2f, 0x4a, 0x0e, 0x47, 0x0d, 0x49, 0x1c, 0x4a, 0x02, 0x00, 0x1f, 0x4f,
  0x0a, 0x00, 0x8f, 0x12, 0x2e, 0x4a, 0x0d, 0x41, 0x1c, 0x4a, 0x02, 0x00,
  0x1e, 0x4e, 0x0c, 0x00, 0x8e, 0x12, 0x2c, 0x4a, 0x17, 0x4c, 0x04, 0x00,
  0x09, 0x41, 0x16, 0x4a, 0x04, 0x00, 0x2c, 0x4a, 0x1e, 0x4c, 0x06, 0x00,
  0x08, 0x46, 0x08, 0x5e, 0x35, 0x40, 0x30, 0xf2, 0x7d, 0x40, 0x36, 0x00,
  0x0c, 0x46, 0x85, 0x12, 0x2c, 0x4a, 0x1e, 0x4c, 0x06, 0x00, 0x7d, 0x40,
  0x5c, 0x00, 0x0c, 0x48, 0x85, 0x12, 0x0e, 0x46, 0x0d, 0x49, 0x0c, 0x48,
  0x07, 0x56, 0x0e, 0x97, 0x1c, 0x20, 0x4c, 0x43, 0x4d, 0x43, 0x0d, 0x51,
  0x0d, 0x5c, 0x1c, 0x53, 0x3c, 0x90, 0x21, 0x00, 0x1d, 0x20, 0x2d, 0x4a,
  0x1c, 0x4a, 0x02, 0x00, 0x1d, 0x4d, 0x08, 0x00, 0x8d, 0x12, 0x2f, 0x4a,
  0x1e, 0x4f, 0x06, 0x00, 0x0d, 0x46, 0x1c, 0x4a, 0x02, 0x00, 0x1f, 0x4f,
  0x0a, 0x00, 0x8f, 0x12, 0x4c, 0x43, 0x31, 0x50, 0x20, 0x00, 0x30, 0x40,
  0x2a, 0xf4, 0xee, 0xed, 0x00, 0x00, 0xec, 0xed, 0x00, 0x00, 0x1e, 0x53,
  0x1d, 0x53, 0x1c, 0x53, 0x30, 0x40, 0x9a, 0x71, 0xcd, 0x43, 0x00, 0x00,
  0x30, 0x40, 0xa0, 0x71, 0x3c, 0x40, 0x00, 0xaf, 0x30, 0x40, 0xce, 0x71,
  0x0c, 0x93, 0x0d, 0x24, 0x2f, 0x4c, 0x0f, 0x93, 0x0a, 0x24, 0x8c, 0x93,
  0x04, 0x00, 0x07, 0x24, 0x1c, 0x4c, 0x02, 0x00, 0x1f, 0x4f, 0x0a, 0x00,
  0x8f, 0x12, 0x4c, 0x43, 0x30, 0x41, 0x3c, 0x40, 0x00, 0xaf, 0x30, 0x40,
  0x14, 0x72, 0x0a, 0x12, 0x09, 0x12, 0x08, 0x12, 0x31, 0x80, 0x20, 0x00,
  0x0a, 0x4c, 0x08, 0x4d, 0x0c, 0x93, 0x34, 0x24, 0x2e, 0x4c, 0x0e, 0x93,
  0x31, 0x24, 0x1d, 0x4c, 0x04, 0x00, 0x0d, 0x93, 0x2d, 0x24, 0x09, 0x4d,
  0x19, 0x5e, 0x06, 0x00, 0x0d, 0x41, 0x1c, 0x4c, 0x02, 0x00, 0x1e, 0x4e,
  0x0c, 0x00, 0x8e, 0x12, 0x2d, 0x4a, 0x1c, 0x4a, 0x02, 0x00, 0x1d, 0x4d,
  0x08, 0x00, 0x8d, 0x12, 0x2f, 0x4a, 0x1e, 0x4f, 0x06, 0x00, 0x0d, 0x49,
  0x1c, 0x4a, 0x02, 0x00, 0x1f, 0x4f, 0x0a, 0x00, 0x8f, 0x12, 0x2f, 0x4a,
  0x1e, 0x4f, 0x04, 0x00, 0x0d, 0x41, 0x1c, 0x4a, 0x02, 0x00, 0x1f, 0x4f,
  0x0a, 0x00, 0x8f, 0x12, 0x2e, 0x4a, 0x0d, 0x48, 0x1c, 0x4a, 0x02, 0x00,
  0x1e, 0x4e, 0x0c, 0x00, 0x8e, 0x12, 0x4c, 0x43, 0x31, 0x50, 0x20, 0x00,
  0x30, 0x40, 0x30, 0xf4, 0x3c, 0x40, 0x00, 0xaf, 0x30, 0x40, 0x90, 0x72,
  0x0a, 0x12, 0x09, 0x12, 0x0a, 0x4c, 0x0c, 0x93, 0x18, 0x24, 0x2d, 0x4c,
  0x0d, 0x93, 0x15, 0x24, 0x19, 0x4c, 0x04, 0x00, 0x09, 0x93, 0x11, 0x24,
  0x1c, 0x4c, 0x02, 0x00, 0x1d, 0x4d, 0x08, 0x00, 0x8d, 0x12, 0x2f, 0x4a,
  0x1e, 0x4f, 0x06, 0x00, 0x0d, 0x49, 0x1c, 0x4a, 0x02, 0x00, 0x1f, 0x4f,
  0x0a, 0x00, 0x8f, 0x12, 0x4c, 0x43, 0x30, 0x40, 0x32, 0xf4, 0x3c, 0x40,
  0x00, 0xaf, 0x30, 0x40, 0xd6, 0x72, 0x0a, 0x12, 0x09, 0x12, 0x08, 0x12,
  0x07, 0x12, 0x31, 0x80, 0x06, 0x00, 0x0a, 0x4c, 0x08, 0x4d, 0x07, 0x4e,
  0x09, 0x4f, 0x0c, 0x93, 0x23, 0x24, 0x0c, 0x41, 0xb0, 0x12, 0x8e, 0x6f,
  0x5e, 0x43, 0x0d, 0x4a, 0x0c, 0x41, 0xb0, 0x12, 0x2a, 0x70, 0x0a, 0x4c,
  0x0c, 0x93, 0x13, 0x20, 0x0e, 0x47, 0x0d, 0x48, 0x0c, 0x41, 0xb0, 0x12,
  0x0e, 0x71, 0x1e, 0x41, 0x10, 0x00, 0x0d, 0x49, 0x0c, 0x41, 0xb0, 0x12,
  0xf8, 0x71, 0x1d, 0x41, 0x12, 0x00, 0x0c, 0x41, 0xb0, 0x12, 0x1e, 0x72,
  0x0c, 0x41, 0xb0, 0x12, 0x9a, 0x6f, 0x0c, 0x4a, 0x31, 0x50, 0x06, 0x00,
  0x30, 0x40, 0x2e, 0xf4, 0x3a, 0x40, 0x00, 0xaf, 0x30, 0x40, 0x36, 0x73,
  0x0c, 0x93, 0x0a, 0x24, 0x2e, 0x4c, 0x0e, 0x93, 0x07, 0x24, 0x1c, 0x4c,
  0x02, 0x00, 0x1e, 0x4e, 0x16, 0x00, 0x8e, 0x12, 0x4c, 0x43, 0x30, 0x41,
  0x3c, 0x40, 0x00, 0xaf, 0x30, 0x40, 0x5e, 0x73, 0x0c, 0x93, 0x02, 0x24,
  0x1c, 0x4c, 0x04, 0x00, 0x30, 0x41, 0x0c, 0x93, 0x01, 0x24, 0x2c, 0x4c,
  0x30, 0x41, 0x0c, 0x93, 0x02, 0x24, 0x1c, 0x4c, 0x02, 0x00, 0x30, 0x41,
  0x53, 0x48, 0x41, 0x32, 0x32, 0x34, 0x00, 0x53, 0x48, 0x41, 0x32, 0x35,
  0x36, 0x00, 0x06, 0x00, 0x05, 0x00, 0x00, 0x00, 0xb0, 0x12, 0xd2, 0x77,
  0x30, 0x41, 0xb0, 0x12, 0x4e, 0x77, 0x30, 0x41, 0x0a, 0x12, 0x0a, 0x4c,
  0xb0, 0x12, 0x34, 0x77, 0x0c, 0x4a, 0x1d, 0x42, 0xaa, 0x14, 0x8d, 0x12,
  0x3a, 0x41, 0x30, 0x41, 0x0a, 0x12, 0x7d, 0x40, 0x6a, 0x00, 0x5c, 0x43,
  0x1e, 0x42, 0xac, 0x14, 0x8e, 0x12, 0x0a, 0x4c, 0x0c, 0x93, 0x02, 0x24,
  0xb0, 0x12, 0x28, 0x77, 0x0c, 0x4a, 0x3a, 0x41, 0x30, 0x41, 0x5f, 0x43,
  0xb0, 0x12, 0x38, 0x7a, 0x30, 0x41, 0x4f, 0x43, 0xb0, 0x12, 0x38, 0x7a,
  0x30, 0x41, 0xb0, 0x12, 0x84, 0x79, 0x30, 0x41, 0xb0, 0x12, 0x7a, 0x79,
  0x30, 0x41, 0x5d, 0x43, 0xb0, 0x12, 0x58, 0x77, 0x30, 0x41, 0x4d, 0x43,
  0xb0, 0x12, 0x58, 0x77, 0x30, 0x41, 0x53, 0x48, 0x41, 0x32, 0x35, 0x36,
  0x00, 0x00, 0x06, 0x00, 0x02, 0x74, 0x20, 0x00, 0x40, 0x00, 0xfa, 0x73,
  0xec, 0x73, 0xe6, 0x73, 0xde, 0x73, 0xb8, 0x73, 0xa4, 0x73, 0x9e, 0x73,
  0x98, 0x73, 0x53, 0x48, 0x41, 0x32, 0x32, 0x34, 0x00, 0x00, 0x05, 0x00,
  0x22, 0x74, 0x1c, 0x00, 0x40, 0x00, 0xf2, 0x73, 0xec, 0x73, 0xe6, 0x73,
  0xd6, 0x73, 0xb8, 0x73, 0xa4, 0x73, 0x9e, 0x73, 0x98, 0x73, 0x0a, 0x12,
  0x09, 0x12, 0x08, 0x12, 0x0c, 0x93, 0x5f, 0x24, 0x39, 0x40, 0xbe, 0x14,
  0x82, 0x93, 0xbe, 0x14, 0x5a, 0x24, 0x82, 0x93, 0xc2, 0x14, 0x57, 0x24,
  0x08, 0x4c, 0x38, 0x50, 0xf0, 0xff, 0x8c, 0x43, 0xf4, 0xff, 0x1a, 0x4c,
  0xf6, 0xff, 0x0a, 0x93, 0x50, 0x24, 0x8a, 0x93, 0x04, 0x00, 0x50, 0x20,
  0x1d, 0x4c, 0xf2, 0xff, 0x3d, 0x50, 0x10, 0x00, 0x8a, 0x5d, 0x02, 0x00,
  0x1c, 0x4c, 0xf8, 0xff, 0x8a, 0x4c, 0x08, 0x00, 0x0c, 0x93, 0x02, 0x24,
  0x8c, 0x4a, 0x06, 0x00, 0x7e, 0x40, 0x10, 0x00, 0x4d, 0x43, 0x0c, 0x48,
  0xb0, 0x12, 0x30, 0xf2, 0x0d, 0x4a, 0x0a, 0x48, 0x1c, 0x4d, 0x08, 0x00,
  0x0c, 0x93, 0x4c, 0x24, 0x8c, 0x93, 0x04, 0x00, 0x49, 0x20, 0x1e, 0x4d,
  0x02, 0x00, 0x3e, 0x50, 0x10, 0x00, 0x1e, 0x5c, 0x02, 0x00, 0x8d, 0x4e,
  0x02, 0x00, 0x1e, 0x4c, 0x08, 0x00, 0x8d, 0x4e, 0x08, 0x00, 0x1f, 0x4d,
  0x0a, 0x00, 0x1a, 0x4d, 0x0c, 0x00, 0x0f, 0x93, 0x25, 0x20, 0x0a, 0x93,
  0x2d, 0x20, 0x1f, 0x4c, 0x0a, 0x00, 0x8d, 0x4f, 0x0a, 0x00, 0x9d, 0x4c,
  0x0c, 0x00, 0x0c, 0x00, 0x0f, 0x93, 0x28, 0x24, 0x8f, 0x4d, 0x0c, 0x00,
  0x1f, 0x4d, 0x0c, 0x00, 0x0f, 0x93, 0x02, 0x24, 0x8f, 0x4d, 0x0a, 0x00,
  0x0e, 0x93, 0x02, 0x24, 0x8e, 0x4d, 0x06, 0x00, 0x7e, 0x40, 0x10, 0x00,
  0x4d, 0x43, 0xb0, 0x12, 0x30, 0xf2, 0x30, 0x40, 0x30, 0xf4, 0x0d, 0x48,
  0x30, 0x40, 0xa0, 0x74, 0x0d, 0x48, 0x4a, 0x43, 0x30, 0x40, 0xa0, 0x74,
  0x8f, 0x4a, 0x0c, 0x00, 0x1a, 0x4d, 0x0c, 0x00, 0x0a, 0x93, 0xd7, 0x27,
  0x8a, 0x4f, 0x0a, 0x00, 0x30, 0x40, 0xd6, 0x74, 0x89, 0x4a, 0x06, 0x00,
  0x30, 0x40, 0x20, 0x75, 0x89, 0x4d, 0x06, 0x00, 0x30, 0x40, 0xec, 0x74,
  0x0a, 0x93, 0xe3, 0x23, 0x1c, 0x49, 0x06, 0x00, 0x8d, 0x4c, 0x0c, 0x00,
  0x0c, 0x93, 0x02, 0x24, 0x8c, 0x4d, 0x0a, 0x00, 0x89, 0x4d, 0x06, 0x00,
  0x30, 0x40, 0x0a, 0x75, 0x0a, 0x12, 0x09, 0x12, 0x08, 0x12, 0x07, 0x12,
  0x06, 0x12, 0x21, 0x83, 0x08, 0x4c, 0x07, 0x4d, 0x39, 0x40, 0xbe, 0x14,
  0x1a, 0x49, 0x06, 0x00, 0x82, 0x93, 0xbe, 0x14, 0x43, 0x24, 0x82, 0x93,
  0xc2, 0x14, 0x40, 0x24, 0xb0, 0x12, 0xe2, 0xf3, 0x0e, 0x4c, 0x08, 0x93,
  0x08, 0x24, 0x0d, 0x48, 0x81, 0x4c, 0x00, 0x00, 0xb0, 0x12, 0x80, 0xf3,
  0x2e, 0x41, 0x07, 0x9c, 0x33, 0x20, 0x0f, 0x4e, 0x3e, 0xb0, 0x03, 0x00,
  0x03, 0x24, 0x3f, 0xf0, 0xfc, 0xff, 0x2f, 0x52, 0x0a, 0x93, 0x04, 0x20,
  0x0c, 0x4a, 0x21, 0x53, 0x30, 0x40, 0x2c, 0xf4, 0x17, 0x4a, 0x02, 0x00,
  0x16, 0x4a, 0x0c, 0x00, 0x07, 0x9f, 0x23, 0x2c, 0x0a, 0x46, 0x30, 0x40,
  0xa8, 0x75, 0x9a, 0x43, 0x04, 0x00, 0x0b, 0x93, 0x11, 0x24, 0x8b, 0x46,
  0x0c, 0x00, 0x1d, 0x4a, 0x0c, 0x00, 0x0d, 0x93, 0x02, 0x24, 0x8d, 0x4b,
  0x0a, 0x00, 0x8a, 0x43, 0x0a, 0x00, 0x8a, 0x43, 0x0c, 0x00, 0x0a, 0x4c,
  0x4d, 0x43, 0x88, 0x12, 0x30, 0x40, 0xac, 0x75, 0x89, 0x46, 0x06, 0x00,
  0x30, 0x40, 0xd2, 0x75, 0x89, 0x4d, 0x06, 0x00, 0x30, 0x40, 0x62, 0x76,
  0x4a, 0x43, 0x30, 0x40, 0xac, 0x75, 0x07, 0x8f, 0x1b, 0x4a, 0x0a, 0x00,
  0x0c, 0x4a, 0x3c, 0x50, 0x10, 0x00, 0x38, 0x40, 0x30, 0xf2, 0x7d, 0x40,
  0x13, 0x00, 0x0d, 0x97, 0xd4, 0x2f, 0x0d, 0x4f, 0x3d, 0x50, 0x10, 0x00,
  0x0d, 0x5a, 0x37, 0x50, 0xf0, 0xff, 0x8d, 0x47, 0x02, 0x00, 0x8d, 0x43,
  0x04, 0x00, 0x8d, 0x4a, 0x06, 0x00, 0x17, 0x4a, 0x08, 0x00, 0x8d, 0x47,
  0x08, 0x00, 0xbd, 0x40, 0x55, 0xaa, 0x00, 0x00, 0xbd, 0x40, 0x66, 0x99,
  0x0e, 0x00, 0x07, 0x93, 0x02, 0x24, 0x87, 0x4d, 0x06, 0x00, 0x8d, 0x4b,
  0x0a, 0x00, 0x8d, 0x46, 0x0c, 0x00, 0x0b, 0x93, 0xcd, 0x27, 0x8b, 0x4d,
  0x0c, 0x00, 0x19, 0x4d, 0x0c, 0x00, 0x09, 0x93, 0x02, 0x24, 0x89, 0x4d,
  0x0a, 0x00, 0x9a, 0x43, 0x04, 0x00, 0x8a, 0x4f, 0x02, 0x00, 0x8a, 0x4d,
  0x08, 0x00, 0x30, 0x40, 0xde, 0x75, 0x82, 0x4c, 0xc6, 0x14, 0x30, 0x41,
  0x5c, 0x43, 0x30, 0x41, 0x0a, 0x12, 0x09, 0x12, 0x08, 0x12, 0x0a, 0x4c,
  0x09, 0x4d, 0x38, 0x40, 0x30, 0xf2, 0x7e, 0x40, 0x0a, 0x00, 0x4d, 0x43,
  0x3c, 0x40, 0xbe, 0x14, 0x88, 0x12, 0x0e, 0x49, 0x4d, 0x43, 0x0c, 0x4a,
  0x88, 0x12, 0x3d, 0x40, 0x42, 0x74, 0x3c, 0x40, 0x5c, 0x75, 0xb0, 0x12,
  0x1c, 0x77, 0x0c, 0x4a, 0x7c, 0xf0, 0x03, 0x00, 0x0c, 0x93, 0x06, 0x24,
  0x39, 0x50, 0xfc, 0xff, 0x09, 0x5c, 0x2d, 0x42, 0x0d, 0x8c, 0x0a, 0x5d,
  0x3c, 0x40, 0xbe, 0x14, 0x8c, 0x4a, 0x00, 0x00, 0x8c, 0x49, 0x02, 0x00,
  0x8c, 0x4a, 0x04, 0x00, 0x39, 0x50, 0xf0, 0xff, 0x8a, 0x49, 0x02, 0x00,
  0xba, 0x40, 0x55, 0xaa, 0x00, 0x00, 0xba, 0x40, 0x66, 0x99, 0x0e, 0x00,
  0x8c, 0x4a, 0x06, 0x00, 0x30, 0x40, 0x30, 0xf4, 0x7c, 0x40, 0x0b, 0x00,
  0x3d, 0x40, 0x0b, 0x00, 0x0d, 0x8c, 0x3d, 0x50, 0xbe, 0x14, 0x3c, 0x53,
  0x0c, 0x93, 0x01, 0x20, 0x30, 0x41, 0xcd, 0x43, 0x00, 0x00, 0x30, 0x40,
  0xfc, 0x76, 0x4c, 0x43, 0x30, 0x41, 0x30, 0x41, 0x82, 0x4c, 0xac, 0x14,
  0x82, 0x4d, 0xaa, 0x14, 0x4c, 0x43, 0x30, 0x41, 0x7e, 0x40, 0x6a, 0x00,
  0x4d, 0x43, 0xb0, 0x12, 0x30, 0xf2, 0x30, 0x41, 0x0c, 0x93, 0x05, 0x24,
  0x0d, 0x4c, 0x3d, 0x50, 0x6a, 0x00, 0x0c, 0x9d, 0x01, 0x20, 0x30, 0x41,
  0xcc, 0x43, 0x00, 0x00, 0x1c, 0x53, 0x30, 0x40, 0x3e, 0x77, 0x7e, 0x40,
  0x6a, 0x00, 0xb0, 0x12, 0xde, 0xf1, 0x30, 0x41, 0x8c, 0x43, 0x00, 0x00,
  0x8c, 0x43, 0x02, 0x00, 0x8c, 0x43, 0x04, 0x00, 0x8c, 0x43, 0x06, 0x00,
  0x0d, 0x93, 0x30, 0x20, 0xbc, 0x40, 0xe6, 0x67, 0x08, 0x00, 0xbc, 0x40,
  0x6a, 0x09, 0x0a, 0x00, 0xbc, 0x40, 0xae, 0x85, 0x0c, 0x00, 0xbc, 0x40,
  0xbb, 0x67, 0x0e, 0x00, 0xbc, 0x40, 0xf3, 0x72, 0x10, 0x00, 0xbc, 0x40,
  0x3c, 0x6e, 0x12, 0x00, 0xbc, 0x40, 0xf5, 0x3a, 0x14, 0x00, 0xbc, 0x40,
  0xa5, 0x4f, 0x16, 0x00, 0xbc, 0x40, 0x52, 0x7f, 0x18, 0x00, 0xbc, 0x40,
  0x51, 0x0e, 0x1a, 0x00, 0xbc, 0x40, 0x68, 0x8c, 0x1c, 0x00, 0xbc, 0x40,
  0x9b, 0x05, 0x1e, 0x00, 0xbc, 0x40, 0xd9, 0xab, 0x20, 0x00, 0xbc, 0x40,
  0x1f, 0x83, 0x22, 0x00, 0xbc, 0x40, 0xcd, 0x19, 0x24, 0x00, 0xbc, 0x40,
  0x5b, 0xe0, 0x26, 0x00, 0x8c, 0x4d, 0x68, 0x00, 0x30, 0x41, 0x92, 0xd3,
  0xc4, 0x02, 0x0e, 0x4c, 0x3e, 0x50, 0x0a, 0x00, 0x0b, 0x4e, 0x3f, 0x40,
  0xe0, 0x02, 0xaf, 0x4b, 0x00, 0x00, 0x2f, 0x52, 0x9f, 0x4b, 0xfe, 0xff,
  0xfe, 0xff, 0x2b, 0x52, 0x3f, 0x90, 0x00, 0x03, 0xf6, 0x23, 0x92, 0xd3,
  0xc0, 0x02, 0x0f, 0x4d, 0x3f, 0x50, 0x40, 0x00, 0x3b, 0x40, 0x04, 0x03,
  0xab, 0x4d, 0x00, 0x00, 0x2d, 0x53, 0x0d, 0x9f, 0xfb, 0x23, 0x3d, 0x40,
  0xc8, 0x02, 0x9d, 0xb3, 0x00, 0x00, 0xfd, 0x27, 0x3c, 0x50, 0x2a, 0x00,
  0x3d, 0x40, 0x00, 0x03, 0xae, 0x4d, 0x00, 0x00, 0xae, 0x4d, 0xfe, 0xff,
  0x2e, 0x52, 0x0c, 0x9e, 0xf9, 0x23, 0x92, 0xc3, 0xc4, 0x02, 0x92, 0xc3,
  0xc0, 0x02, 0x30, 0x41, 0x0a, 0x12, 0x09, 0x12, 0x08, 0x12, 0x07, 0x12,
  0x06, 0x12, 0x05, 0x12, 0x09, 0x4c, 0x07, 0x4d, 0x0a, 0x4e, 0x2c, 0x4c,
  0x06, 0x4c, 0x76, 0xf0, 0x3f, 0x00, 0x4d, 0x43, 0x0f, 0x4d, 0x0c, 0x5e,
  0x1e, 0x49, 0x02, 0x00, 0x0e, 0x6f, 0x89, 0x4c, 0x00, 0x00, 0x89, 0x4e,
  0x02, 0x00, 0x0f, 0x9e, 0x06, 0x20, 0x0c, 0x9a, 0x04, 0x2c, 0x99, 0x53,
  0x04, 0x00, 0x89, 0x63, 0x06, 0x00, 0x06, 0x93, 0x14, 0x24, 0x38, 0x40,
  0x40, 0x00, 0x08, 0x86, 0x0a, 0x98, 0x24, 0x28, 0x0e, 0x48, 0x0d, 0x47,
  0x05, 0x49, 0x35, 0x50, 0x28, 0x00, 0x0c, 0x45, 0x0c, 0x56, 0xb0, 0x12,
  0xde, 0xf1, 0x0d, 0x45, 0x0c, 0x49, 0xb0, 0x12, 0xd2, 0x77, 0x07, 0x58,
  0x0a, 0x88, 0x3c, 0x40, 0xff, 0x01, 0x0c, 0x9a, 0x29, 0x28, 0x08, 0x4a,
  0x36, 0x40, 0xd2, 0x77, 0x30, 0x40, 0xbc, 0x78, 0x0c, 0x49, 0x86, 0x12,
  0x38, 0x50, 0xc0, 0xff, 0x0d, 0x4a, 0x0d, 0x88, 0x0d, 0x57, 0x7c, 0x40,
  0x3f, 0x00, 0x0c, 0x98, 0xf5, 0x2b, 0x46, 0x43, 0x08, 0x4a, 0x38, 0xf0,
  0xc0, 0xff, 0x08, 0x57, 0x0c, 0x4a, 0xb0, 0x12, 0x44, 0xf5, 0x3d, 0x40,
  0xc0, 0xff, 0xb0, 0x12, 0xe2, 0xf3, 0x0e, 0x4a, 0x0e, 0x5c, 0x0e, 0x93,
  0x07, 0x24, 0x0c, 0x49, 0x3c, 0x50, 0x28, 0x00, 0x0d, 0x48, 0x0c, 0x56,
  0xb0, 0x12, 0xde, 0xf1, 0x30, 0x40, 0x2a, 0xf4, 0x92, 0xd3, 0xc4, 0x02,
  0x0d, 0x49, 0x3d, 0x50, 0x0a, 0x00, 0x3c, 0x40, 0xe0, 0x02, 0xac, 0x4d,
  0x00, 0x00, 0x2c, 0x52, 0x9c, 0x4d, 0xfe, 0xff, 0xfe, 0xff, 0x2d, 0x52,
  0x3c, 0x90, 0x00, 0x03, 0xf6, 0x23, 0x08, 0x4a, 0x38, 0xf0, 0xc0, 0xff,
  0x0c, 0x48, 0x3c, 0x53, 0x82, 0x4c, 0xcc, 0x02, 0xb2, 0x40, 0x73, 0x40,
  0xd4, 0x02, 0x0c, 0x49, 0x3c, 0x52, 0x82, 0x4c, 0xd8, 0x02, 0xb2, 0xd0,
  0x03, 0x00, 0xc0, 0x02, 0x3d, 0x40, 0xc8, 0x02, 0xad, 0xb3, 0x00, 0x00,
  0xfd, 0x27, 0x0d, 0x49, 0x3d, 0x50, 0x28, 0x00, 0x2e, 0x4c, 0x9c, 0x4c,
  0x02, 0x00, 0x00, 0x00, 0x8c, 0x4e, 0x02, 0x00, 0x2c, 0x52, 0x0d, 0x9c,
  0xf7, 0x23, 0x92, 0xc3, 0xc4, 0x02, 0xb2, 0xf0, 0xfc, 0xff, 0xc0, 0x02,
  0x08, 0x57, 0x0e, 0x4a, 0x7e, 0xf0, 0x3f, 0x00, 0x46, 0x43, 0x30, 0x40,
  0xe6, 0x78, 0x0e, 0x93, 0x02, 0x24, 0xb0, 0x12, 0x38, 0x78, 0x30, 0x41,
  0x0a, 0x12, 0x09, 0x12, 0x08, 0x12, 0x31, 0x80, 0x10, 0x00, 0x0a, 0x4c,
  0x09, 0x4d, 0x2e, 0x4c, 0x1d, 0x4c, 0x02, 0x00, 0x0c, 0x4e, 0x0c, 0x5e,
  0x0d, 0x6d, 0x0c, 0x5c, 0x0d, 0x6d, 0x0c, 0x5c, 0x0d, 0x6d, 0x81, 0x4c,
  0x00, 0x00, 0x81, 0x4d, 0x02, 0x00, 0x81, 0x43, 0x04, 0x00, 0x81, 0x43,
  0x06, 0x00, 0x0d, 0x41, 0x3d, 0x52, 0x7c, 0x40, 0x07, 0x00, 0x08, 0x4d,
  0x4f, 0x43, 0x0f, 0x51, 0x0f, 0x5c, 0xed, 0x4f, 0x00, 0x00, 0x3c, 0x53,
  0x1d, 0x53, 0x3c, 0x93, 0xf7, 0x23, 0x0c, 0x4e, 0x7c, 0xf0, 0x3f, 0x00,
  0x4d, 0x43, 0x7e, 0x40, 0x37, 0x00, 0x0e, 0x9c, 0x27, 0x28, 0x7e, 0x40,
  0x38, 0x00, 0x4f, 0x43, 0x0e, 0x8c, 0x0f, 0x7d, 0x3d, 0x40, 0x7a, 0x7a,
  0x0c, 0x4a, 0xb0, 0x12, 0x7a, 0x79, 0x7e, 0x42, 0x0d, 0x48, 0x0c, 0x4a,
  0xb0, 0x12, 0x38, 0x78, 0x0c, 0x4a, 0x3c, 0x50, 0x0a, 0x00, 0x3a, 0x50,
  0x2a, 0x00, 0xe9, 0x4c, 0x00, 0x00, 0xd9, 0x4c, 0x01, 0x00, 0x01, 0x00,
  0xd9, 0x4c, 0xfe, 0xff, 0x02, 0x00, 0x29, 0x52, 0xd9, 0x4c, 0xff, 0xff,
  0xff, 0xff, 0x2c, 0x52, 0x0c, 0x9a, 0xf1, 0x23, 0x31, 0x50, 0x10, 0x00,
  0x30, 0x40, 0x30, 0xf4, 0x7e, 0x40, 0x78, 0x00, 0x30, 0x40, 0xe6, 0x79,
  0x0a, 0x12, 0x09, 0x12, 0x08, 0x12, 0x07, 0x12, 0x31, 0x80, 0x6a, 0x00,
  0x09, 0x4c, 0x08, 0x4d, 0x0a, 0x4e, 0x07, 0x4f, 0x0c, 0x41, 0xb0, 0x12,
  0x28, 0x77, 0x0d, 0x47, 0x0c, 0x41, 0xb0, 0x12, 0x58, 0x77, 0x0e, 0x48,
  0x0d, 0x49, 0x0c, 0x41, 0xb0, 0x12, 0x7a, 0x79, 0x0d, 0x4a, 0x0c, 0x41,
  0xb0, 0x12, 0x84, 0x79, 0x0c, 0x41, 0xb0, 0x12, 0x34, 0x77, 0x31, 0x50,
  0x6a, 0x00, 0x30, 0x40, 0x2e, 0xf4, 0x80, 0x00, 0x00, 0x00, 0x00, 0x00,
  0x00, 0x00, 0x00, 0x00, 0x00, 0x00, 0x00, 0x00, 0x00, 0x00, 0x00, 0x00,
  0x00, 0x00, 0x00, 0x00, 0x00, 0x00, 0x00, 0x00, 0x00, 0x00, 0x00, 0x00,
  0x00, 0x00, 0x00, 0x00, 0x00, 0x00, 0x00, 0x00, 0x00, 0x00, 0x00, 0x00,
  0x00, 0x00, 0x00, 0x00, 0x00, 0x00, 0x00, 0x00, 0x00, 0x00, 0x00, 0x00,
  0x00, 0x00, 0x00, 0x00, 0x00, 0x00, 0x00, 0x00, 0x00, 0x00, 0x3c, 0x40,
  0xa6, 0x7b, 0x30, 0x41, 0x0a, 0x12, 0x09, 0x12, 0x08, 0x12, 0x09, 0x4c,
  0x0c, 0x93, 0x15, 0x24, 0x3a, 0x40, 0x7e, 0x7b, 0x38, 0x40, 0x44, 0xf2,
  0x8a, 0x93, 0x00, 0x00, 0x04, 0x20, 0x4a, 0x43, 0x0c, 0x4a, 0x30, 0x40,
  0x30, 0xf4, 0x0d, 0x49, 0x1c, 0x4a, 0x02, 0x00, 0x88, 0x12, 0x0c, 0x93,
  0xf7, 0x27, 0x3a, 0x50, 0x14, 0x00, 0x30, 0x40, 0xd4, 0x7a, 0x0a, 0x4c,
  0x30, 0x40, 0xdc, 0x7a, 0x3d, 0x40, 0x7e, 0x7b, 0x2e, 0x4d, 0x0e, 0x93,
  0x03, 0x20, 0x0d, 0x4e, 0x0c, 0x4d, 0x30, 0x41, 0x0e, 0x9c, 0xfc, 0x27,
  0x3d, 0x50, 0x14, 0x00, 0x30, 0x40, 0x00, 0x7b, 0xb0, 0x12, 0xfc, 0x7a,
  0x0c, 0x93, 0x03, 0x24, 0x1c, 0x4c, 0x02, 0x00, 0x30, 0x41, 0x3c, 0x40,
  0x54, 0x7b, 0x30, 0x40, 0x24, 0x7b, 0xb0, 0x12, 0xc0, 0x7a, 0x0c, 0x93,
  0x01, 0x24, 0x2c, 0x4c, 0x30, 0x41, 0x1c, 0x4c, 0x08, 0x00, 0x3c, 0x50,
  0xfb, 0xff, 0x7d, 0x40, 0x03, 0x00, 0x0d, 0x9c, 0x02, 0x2c, 0x4c, 0x43,
  0x30, 0x41, 0x5c, 0x43, 0x30, 0x40, 0x4c, 0x7b, 0x75, 0x6e, 0x6b, 0x6e,
  0x6f, 0x77, 0x6e, 0x00, 0x54, 0x4c, 0x53, 0x2d, 0x50, 0x53, 0x4b, 0x2d,
  0x57, 0x49, 0x54, 0x48, 0x2d, 0x41, 0x45, 0x53, 0x2d, 0x31, 0x32, 0x38,
  0x2d, 0x43, 0x42, 0x43, 0x2d, 0x53, 0x48, 0x41, 0x32, 0x35, 0x36, 0x00,
  0x00, 0x00, 0xae, 0x00, 0x5c, 0x7b, 0x05, 0x00, 0x06, 0x00, 0x05, 0x00,
  0x03, 0x00, 0x01, 0x00, 0x03, 0x00, 0x03, 0x00, 0x00, 0x00, 0x00, 0x00,
  0x7c, 0x7b, 0x00, 0x00, 0x00, 0x00, 0x00, 0x00, 0x00, 0x00, 0x00, 0x00,
  0x00, 0x00, 0x00, 0x00, 0x00, 0x00, 0xae, 0x00, 0x00, 0x00, 0x0a, 0x12,
  0x09, 0x12, 0x08, 0x12, 0x07, 0x12, 0x06, 0x12, 0x05, 0x12, 0x04, 0x12,
  0x21, 0x82, 0x0a, 0x4c, 0xbc, 0x90, 0x10, 0x00, 0x02, 0x00, 0x04, 0x20,
  0x36, 0x40, 0x00, 0x8f, 0x30, 0x40, 0x30, 0x7d, 0x8c, 0x93, 0x18, 0x00,
  0xf9, 0x27, 0xb0, 0x12, 0xe6, 0x8b, 0x06, 0x4c, 0x0c, 0x93, 0xaa, 0x20,
  0x1c, 0x4a, 0x02, 0x00, 0x3c, 0x90, 0x07, 0x00, 0x02, 0x20, 0x30, 0x40,
  0x10, 0x81, 0x7d, 0x40, 0x07, 0x00, 0x0d, 0x9c, 0x2e, 0x38, 0x3c, 0x90,
  0x03, 0x00, 0x02, 0x20, 0x30, 0x40, 0x18, 0x80, 0x7e, 0x40, 0x03, 0x00,
  0x0e, 0x9c, 0x0c, 0x38, 0x1c, 0x93, 0x53, 0x24, 0x5f, 0x43, 0x0f, 0x9c,
  0xbc, 0x38, 0x0c, 0x93, 0xd9, 0x23, 0x9a, 0x43, 0x02, 0x00, 0x06, 0x4c,
  0x30, 0x40, 0x30, 0x7d, 0x3c, 0x90, 0x05, 0x00, 0x02, 0x20, 0x30, 0x40,
  0xba, 0x80, 0x7d, 0x40, 0x05, 0x00, 0x0d, 0x9c, 0xfa, 0x35, 0x8a, 0x93,
  0x40, 0x00, 0x02, 0x20, 0x30, 0x40, 0xe2, 0x80, 0x8a, 0x43, 0x40, 0x00,
  0xaa, 0x92, 0x3c, 0x00, 0x02, 0x20, 0x30, 0x40, 0x00, 0x81, 0x36, 0x40,
  0x80, 0x84, 0x30, 0x40, 0x30, 0x7d, 0x3c, 0x90, 0x0b, 0x00, 0x02, 0x20,
  0x30, 0x40, 0xec, 0x81, 0x7e, 0x40, 0x0b, 0x00, 0x0e, 0x9c, 0x10, 0x38,
  0x3c, 0x90, 0x09, 0x00, 0x02, 0x20, 0x30, 0x40, 0xba, 0x81, 0x7f, 0x40,
  0x09, 0x00, 0x0f, 0x9c, 0x02, 0x38, 0x30, 0x40, 0x1a, 0x81, 0x0c, 0x4a,
  0xb0, 0x12, 0xa6, 0x94, 0x30, 0x40, 0x16, 0x7c, 0x3c, 0x90, 0x0d, 0x00,
  0x02, 0x20, 0x30, 0x40, 0x00, 0x82, 0x3c, 0x90, 0x0d, 0x00, 0x02, 0x34,
  0x30, 0x40, 0xf6, 0x81, 0x3c, 0x90, 0x0e, 0x00, 0x02, 0x20, 0x30, 0x40,
  0x0a, 0x82, 0x3c, 0x90, 0x0f, 0x00, 0x90, 0x23, 0x0c, 0x4a, 0xb0, 0x12,
  0x2e, 0x9c, 0x30, 0x40, 0x30, 0x7d, 0x29, 0x4a, 0x89, 0x93, 0x0c, 0x00,
  0x02, 0x20, 0x30, 0x40, 0x14, 0x82, 0x5c, 0x49, 0x28, 0x00, 0x8a, 0x4c,
  0x04, 0x00, 0x5d, 0x49, 0x29, 0x00, 0x8a, 0x4d, 0x06, 0x00, 0x58, 0x49,
  0x26, 0x00, 0x08, 0x93, 0x79, 0x27, 0x17, 0x4a, 0x4c, 0x00, 0x06, 0x47,
  0x26, 0x52, 0x5c, 0x49, 0x2a, 0x00, 0xb0, 0x12, 0x58, 0xf5, 0x0f, 0x46,
  0x0e, 0x4c, 0x5e, 0xf3, 0x5d, 0x49, 0x27, 0x00, 0x0c, 0x48, 0xb0, 0x12,
  0x82, 0xa1, 0x19, 0x4a, 0x18, 0x00, 0x2f, 0x4a, 0x6e, 0x42, 0x0d, 0x49,
  0x3d, 0x50, 0x7c, 0x00, 0x1c, 0x4f, 0x0e, 0x00, 0x1f, 0x4f, 0x0c, 0x00,
  0x8f, 0x12, 0x06, 0x4c, 0x0c, 0x93, 0x10, 0x20, 0x2f, 0x4a, 0x7e, 0x40,
  0x1c, 0x00, 0x0d, 0x49, 0x3d, 0x50, 0x80, 0x00, 0x1c, 0x4f, 0x0e, 0x00,
  0x1f, 0x4f, 0x0c, 0x00, 0x8f, 0x12, 0x06, 0x4c, 0x0c, 0x93, 0x02, 0x20,
  0x30, 0x40, 0x3c, 0x82, 0x0c, 0x46, 0x21, 0x52, 0x30, 0x40, 0x28, 0xf4,
  0x1f, 0x4a, 0x16, 0x00, 0x0f, 0x5d, 0x0e, 0x48, 0x0e, 0x5d, 0xde, 0x4f,
  0x06, 0x00, 0x00, 0x00, 0x1d, 0x53, 0x30, 0x40, 0x80, 0x82, 0x0c, 0x44,
  0xb0, 0x12, 0xfc, 0x7a, 0x0c, 0x93, 0x14, 0x24, 0x2d, 0x4a, 0x5e, 0x4d,
  0x27, 0x00, 0x1e, 0x9c, 0x0c, 0x00, 0x0e, 0x38, 0x5d, 0x4d, 0x29, 0x00,
  0x8c, 0x9d, 0x10, 0x00, 0x09, 0x38, 0x16, 0x53, 0x2c, 0x45, 0xb0, 0x12,
  0xba, 0xf4, 0xc9, 0x4c, 0x00, 0x00, 0xe9, 0x45, 0x01, 0x00, 0x29, 0x53,
  0x25, 0x53, 0x30, 0x40, 0x9a, 0x82, 0x15, 0x4a, 0x32, 0x00, 0x0c, 0x4a,
  0xb0, 0x12, 0xca, 0x8f, 0x06, 0x4c, 0x0c, 0x93, 0xcd, 0x23, 0xba, 0x90,
  0x16, 0x00, 0x36, 0x00, 0x4f, 0x21, 0x7c, 0x40, 0x29, 0x00, 0x1c, 0x9a,
  0x3c, 0x00, 0x04, 0x28, 0x36, 0x40, 0x80, 0x86, 0x30, 0x40, 0x30, 0x7d,
  0xe5, 0x93, 0x00, 0x00, 0xf9, 0x23, 0x0d, 0x45, 0x2d, 0x52, 0x81, 0x4d,
  0x02, 0x00, 0x2c, 0x4a, 0x5c, 0x4c, 0x2a, 0x00, 0xb0, 0x12, 0x58, 0xf5,
  0x1f, 0x41, 0x02, 0x00, 0x0e, 0x4c, 0x5e, 0xf3, 0x0d, 0x4a, 0x3d, 0x50,
  0x06, 0x00, 0x0c, 0x4a, 0x2c, 0x52, 0xb0, 0x12, 0x8c, 0xa1, 0x1e, 0x4a,
  0x04, 0x00, 0x2c, 0x4a, 0x5f, 0x4c, 0x28, 0x00, 0x0e, 0x9f, 0x0e, 0x38,
  0x1d, 0x4a, 0x06, 0x00, 0x5f, 0x4c, 0x29, 0x00, 0x0d, 0x9f, 0x08, 0x38,
  0x5f, 0x4c, 0x26, 0x00, 0x0f, 0x9e, 0x04, 0x38, 0x5c, 0x4c, 0x27, 0x00,
  0x0c, 0x9d, 0x0a, 0x34, 0x7e, 0x40, 0x46, 0x00, 0x6d, 0x43, 0x0c, 0x4a,
  0xb0, 0x12, 0x84, 0x8f, 0x36, 0x40, 0x80, 0x91, 0x30, 0x40, 0x30, 0x7d,
  0x7e, 0x40, 0x20, 0x00, 0x0d, 0x45, 0x3d, 0x50, 0x06, 0x00, 0x1c, 0x4a,
  0x18, 0x00, 0x3c, 0x50, 0x9c, 0x00, 0xb0, 0x12, 0xde, 0xf1, 0x57, 0x45,
  0x26, 0x00, 0x7c, 0x40, 0x20, 0x00, 0x0c, 0x97, 0xb5, 0x2b, 0x1c, 0x4a,
  0x3c, 0x00, 0x0d, 0x47, 0x3d, 0x50, 0x2b, 0x00, 0x0d, 0x9c, 0x98, 0x2c,
  0x1d, 0x41, 0x02, 0x00, 0x0d, 0x57, 0x59, 0x4d, 0x26, 0x00, 0x09, 0x59,
  0x09, 0x59, 0x09, 0x59, 0x09, 0x59, 0x09, 0x59, 0x09, 0x59, 0x09, 0x59,
  0x09, 0x59, 0x5d, 0x4d, 0x27, 0x00, 0x09, 0xdd, 0x0d, 0x49, 0x3d, 0x53,
  0x6e, 0x43, 0x0e, 0x9d, 0x99, 0x2f, 0x0d, 0x47, 0x3d, 0x50, 0x2c, 0x00,
  0x0d, 0x59, 0x0c, 0x9d, 0x93, 0x23, 0x1c, 0x41, 0x02, 0x00, 0x0c, 0x57,
  0x58, 0x4c, 0x23, 0x00, 0x08, 0x58, 0x08, 0x58, 0x08, 0x58, 0x08, 0x58,
  0x08, 0x58, 0x08, 0x58, 0x08, 0x58, 0x08, 0x58, 0x5f, 0x4c, 0x24, 0x00,
  0x08, 0xdf, 0xcc, 0x93, 0x25, 0x00, 0xba, 0x21, 0x14, 0x4a, 0x20, 0x00,
  0x0c, 0x48, 0xb0, 0x12, 0xfc, 0x7a, 0x84, 0x4c, 0x00, 0x00, 0x1c, 0x4a,
  0x20, 0x00, 0x2d, 0x4c, 0x0d, 0x93, 0x82, 0x26, 0x0c, 0x4a, 0xb0, 0x12,
  0x44, 0x95, 0x1f, 0x4a, 0x18, 0x00, 0x14, 0x4a, 0x16, 0x00, 0x35, 0x50,
  0x27, 0x00, 0x8f, 0x93, 0x20, 0x01, 0x16, 0x24, 0x07, 0x93, 0x14, 0x24,
  0x28, 0x94, 0x12, 0x20, 0x84, 0x93, 0x02, 0x00, 0x0f, 0x20, 0x17, 0x94,
  0x04, 0x00, 0x0c, 0x20, 0x0e, 0x47, 0x0d, 0x45, 0x0c, 0x44, 0x3c, 0x50,
  0x06, 0x00, 0x81, 0x4f, 0x00, 0x00, 0xb0, 0x12, 0xbc, 0xf1, 0x2f, 0x41,
  0x0c, 0x93, 0x44, 0x24, 0x9a, 0x53, 0x02, 0x00, 0x8f, 0x43, 0x20, 0x01,
  0x84, 0x48, 0x00, 0x00, 0x84, 0x43, 0x02, 0x00, 0x84, 0x47, 0x04, 0x00,
  0x0e, 0x47, 0x0d, 0x45, 0x0c, 0x44, 0x3c, 0x50, 0x06, 0x00, 0xb0, 0x12,
  0xde, 0xf1, 0x1c, 0x4a, 0x16, 0x00, 0x2c, 0x4c, 0xb0, 0x12, 0xfc, 0x7a,
  0x0c, 0x93, 0x3a, 0x27, 0x2d, 0x4a, 0x1c, 0x4a, 0x06, 0x00, 0x0c, 0x5c,
  0x0c, 0x5d, 0x2c, 0x4c, 0x2f, 0x4c, 0x0f, 0x93, 0x31, 0x27, 0x1e, 0x4a,
  0x16, 0x00, 0x2c, 0x53, 0x2f, 0x9e, 0xf8, 0x23, 0x8e, 0x43, 0x02, 0x00,
  0x37, 0x50, 0x28, 0x00, 0x15, 0x41, 0x02, 0x00, 0x05, 0x57, 0x09, 0x93,
  0x1f, 0x20, 0x8a, 0x93, 0x56, 0x00, 0xe4, 0x22, 0x5c, 0x4d, 0x2a, 0x00,
  0x7c, 0xf0, 0x30, 0x00, 0x7c, 0x90, 0x20, 0x00, 0x3a, 0x24, 0x06, 0x49,
  0x30, 0x40, 0x30, 0x7d, 0x0d, 0x47, 0x3d, 0x50, 0x2a, 0x00, 0x0c, 0x9d,
  0x11, 0x23, 0x49, 0x43, 0x30, 0x40, 0x82, 0x7e, 0xba, 0x40, 0x0c, 0x00,
  0x02, 0x00, 0x0c, 0x4a, 0xb0, 0x12, 0x64, 0x87, 0x0c, 0x93, 0xc5, 0x27,
  0x30, 0x40, 0x16, 0x7c, 0x6e, 0x45, 0x0e, 0x5e, 0x0e, 0x5e, 0x0e, 0x5e,
  0x0e, 0x5e, 0x0e, 0x5e, 0x0e, 0x5e, 0x0e, 0x5e, 0x0e, 0x5e, 0x5c, 0x45,
  0x01, 0x00, 0x0e, 0xdc, 0x5c, 0x45, 0x02, 0x00, 0x0c, 0x5c, 0x0c, 0x5c,
  0x0c, 0x5c, 0x0c, 0x5c, 0x0c, 0x5c, 0x0c, 0x5c, 0x0c, 0x5c, 0x0c, 0x5c,
  0x5f, 0x45, 0x03, 0x00, 0x0c, 0xdf, 0x0f, 0x4c, 0x2f, 0x52, 0x09, 0x9f,
  0xe7, 0x2a, 0x3e, 0x90, 0x01, 0xff, 0x0f, 0x20, 0x1c, 0x93, 0x03, 0x20,
  0xc5, 0x93, 0x04, 0x00, 0x08, 0x24, 0x0c, 0x4a, 0xb0, 0x12, 0xbe, 0x8f,
  0x06, 0x4c, 0x0c, 0x93, 0x9d, 0x22, 0x30, 0x40, 0xa8, 0x7d, 0x8a, 0x4c,
  0x56, 0x00, 0x0e, 0x49, 0x0e, 0x8c, 0x09, 0x4e, 0x39, 0x50, 0xfc, 0xff,
  0x05, 0x5f, 0x3e, 0x50, 0xfb, 0xff, 0x6c, 0x43, 0x0c, 0x9e, 0xa5, 0x2b,
  0x30, 0x40, 0xa8, 0x7d, 0x0c, 0x4a, 0xb0, 0x12, 0x70, 0x94, 0x30, 0x40,
  0x16, 0x7c, 0x1c, 0x4a, 0x20, 0x00, 0x29, 0x4c, 0x0c, 0x4a, 0xb0, 0x12,
  0xca, 0x8f, 0x06, 0x4c, 0x0c, 0x93, 0x7e, 0x22, 0xba, 0x90, 0x16, 0x00,
  0x36, 0x00, 0x04, 0x24, 0x36, 0x40, 0x00, 0x89, 0x30, 0x40, 0x30, 0x7d,
  0x1d, 0x4a, 0x32, 0x00, 0xfd, 0x90, 0x0c, 0x00, 0x00, 0x00, 0x0c, 0x24,
  0x1c, 0x49, 0x08, 0x00, 0x2c, 0xc3, 0x3c, 0x90, 0x05, 0x00, 0xf0, 0x23,
  0x9a, 0x43, 0x40, 0x00, 0x9a, 0x53, 0x02, 0x00, 0x30, 0x40, 0x30, 0x7d,
  0x1e, 0x49, 0x08, 0x00, 0x0c, 0x4e, 0x3c, 0x50, 0xfb, 0xff, 0x7f, 0x40,
  0x03, 0x00, 0x0f, 0x9c, 0x04, 0x2c, 0x36, 0x40, 0x00, 0x94, 0x30, 0x40,
  0x30, 0x7d, 0x09, 0x4d, 0x19, 0x5a, 0x3c, 0x00, 0x0f, 0x4d, 0x3f, 0x50,
  0x06, 0x00, 0x5c, 0x4d, 0x04, 0x00, 0x0c, 0x5c, 0x0c, 0x5c, 0x0c, 0x5c,
  0x0c, 0x5c, 0x0c, 0x5c, 0x0c, 0x5c, 0x0c, 0x5c, 0x0c, 0x5c, 0x5d, 0x4d,
  0x05, 0x00, 0x0c, 0xdd, 0x0c, 0x5f, 0x09, 0x9c, 0xbb, 0x28, 0x2e, 0xc3,
  0x3e, 0x90, 0x05, 0x00, 0xe2, 0x23, 0x30, 0x40, 0x60, 0x80, 0x1c, 0x4a,
  0x20, 0x00, 0x2c, 0x4c, 0x1c, 0x4c, 0x08, 0x00, 0x0d, 0x4c, 0x3d, 0x50,
  0xfb, 0xff, 0x7e, 0x40, 0x03, 0x00, 0x0e, 0x9d, 0x03, 0x2c, 0x3c, 0x90,
  0x0b, 0x00, 0xd1, 0x23, 0xba, 0x40, 0x06, 0x00, 0x02, 0x00, 0x30, 0x40,
  0x30, 0x7d, 0x0c, 0x4a, 0xb0, 0x12, 0xca, 0x8f, 0x0c, 0x93, 0x02, 0x24,
  0x30, 0x40, 0x16, 0x7c, 0xba, 0x90, 0x16, 0x00, 0x36, 0x00, 0x02, 0x20,
  0x30, 0x40, 0x38, 0x7c, 0x30, 0x40, 0x3c, 0x80, 0x1c, 0x4a, 0x32, 0x00,
  0xfc, 0x90, 0x0e, 0x00, 0x00, 0x00, 0xaa, 0x27, 0x30, 0x40, 0x46, 0x7c,
  0x0c, 0x4a, 0xb0, 0x12, 0xa0, 0x94, 0x30, 0x40, 0x16, 0x7c, 0x1c, 0x4a,
  0x20, 0x00, 0x28, 0x4c, 0x1c, 0x48, 0x08, 0x00, 0x3c, 0x50, 0xfb, 0xff,
  0x7f, 0x40, 0x03, 0x00, 0x0f, 0x9c, 0xa5, 0x2b, 0x2c, 0x4a, 0x8c, 0x93,
  0x1a, 0x00, 0x7a, 0x24, 0x8c, 0x93, 0x1e, 0x00, 0x77, 0x24, 0x19, 0x4c,
  0x20, 0x00, 0x0c, 0x49, 0x3c, 0x50, 0x06, 0x00, 0x7d, 0x40, 0x64, 0x00,
  0x0d, 0x9c, 0x72, 0x28, 0x17, 0x4a, 0x4c, 0x00, 0x0c, 0x49, 0xb0, 0x12,
  0x3c, 0xf5, 0xc7, 0x4c, 0x04, 0x00, 0x1c, 0x4a, 0x4c, 0x00, 0xcc, 0x49,
  0x05, 0x00, 0x2c, 0x4a, 0x1e, 0x4c, 0x20, 0x00, 0x1d, 0x4c, 0x1e, 0x00,
  0x1c, 0x4a, 0x4c, 0x00, 0x3c, 0x50, 0x06, 0x00, 0xb0, 0x12, 0xde, 0xf1,
  0xb8, 0x90, 0x05, 0x00, 0x08, 0x00, 0x7b, 0x23, 0x2c, 0x4a, 0x19, 0x4c,
  0x20, 0x00, 0x7d, 0x40, 0x05, 0x00, 0x0c, 0x4a, 0xb0, 0x12, 0x7a, 0x8a,
  0x06, 0x4c, 0x0c, 0x93, 0x02, 0x24, 0x30, 0x40, 0x30, 0x7d, 0x39, 0x50,
  0x06, 0x00, 0x8a, 0x49, 0x50, 0x00, 0xba, 0x40, 0x16, 0x00, 0x4e, 0x00,
  0x1c, 0x4a, 0x4c, 0x00, 0xfc, 0x40, 0x10, 0x00, 0x00, 0x00, 0x30, 0x40,
  0xdc, 0x82, 0x1c, 0x4a, 0x20, 0x00, 0x29, 0x4c, 0x0c, 0x4a, 0xb0, 0x12,
  0x64, 0x87, 0x06, 0x4c, 0x0c, 0x93, 0x02, 0x24, 0x30, 0x40, 0x30, 0x7d,
  0x1c, 0x49, 0x08, 0x00, 0x0d, 0x4c, 0x3d, 0x50, 0xfb, 0xff, 0x7e, 0x40,
  0x03, 0x00, 0x0e, 0x9d, 0x3f, 0x2f, 0x3c, 0x90, 0x0b, 0x00, 0x3c, 0x27,
  0x30, 0x40, 0x7a, 0x80, 0x0c, 0x4a, 0xb0, 0x12, 0x66, 0x95, 0x30, 0x40,
  0x16, 0x7c, 0x0c, 0x4a, 0xb0, 0x12, 0xc2, 0x94, 0x30, 0x40, 0x16, 0x7c,
  0x0c, 0x4a, 0xb0, 0x12, 0x16, 0x96, 0x30, 0x40, 0x16, 0x7c, 0xba, 0x40,
  0x0f, 0x00, 0x02, 0x00, 0x30, 0x40, 0x30, 0x7d, 0x36, 0x40, 0x00, 0x8c,
  0x30, 0x40, 0x30, 0x7d, 0x36, 0x40, 0x80, 0x8f, 0x30, 0x40, 0x30, 0x7d,
  0x36, 0x40, 0x00, 0x85, 0x30, 0x40, 0x30, 0x7d, 0x36, 0x40, 0x00, 0x8a,
  0x30, 0x40, 0x30, 0x7d, 0x36, 0x40, 0x00, 0x96, 0x30, 0x40, 0x30, 0x7d,
  0x7e, 0x40, 0x20, 0x00, 0x1d, 0x4a, 0x18, 0x00, 0x3d, 0x50, 0x7c, 0x00,
  0x0c, 0x47, 0x3c, 0x50, 0x06, 0x00, 0xb0, 0x12, 0xde, 0xf1, 0x1c, 0x4a,
  0x16, 0x00, 0x1c, 0x4c, 0x04, 0x00, 0x0d, 0x4c, 0x3d, 0x50, 0xf0, 0xff,
  0x7f, 0x40, 0x10, 0x00, 0x0f, 0x9d, 0x05, 0x28, 0x1d, 0x4a, 0x18, 0x00,
  0x8d, 0x93, 0x20, 0x01, 0x01, 0x20, 0x0c, 0x46, 0x08, 0x47, 0x38, 0x50,
  0x27, 0x00, 0xc7, 0x4c, 0x26, 0x00, 0x4d, 0x43, 0x0c, 0x9d, 0x02, 0x24,
  0x30, 0x40, 0x38, 0x7d, 0x08, 0x5c, 0x09, 0x48, 0x29, 0x53, 0x1c, 0x4a,
  0x06, 0x00, 0x0c, 0x5c, 0x2c, 0x5a, 0x25, 0x4c, 0x46, 0x43, 0x24, 0x45,
  0x04, 0x93, 0x02, 0x24, 0x30, 0x40, 0x4e, 0x7d, 0xc9, 0x44, 0x00, 0x00,
  0xf9, 0x43, 0x01, 0x00, 0x16, 0x53, 0x0c, 0x46, 0xb0, 0x12, 0x40, 0xf5,
  0xc8, 0x4c, 0x00, 0x00, 0x46, 0x56, 0xc8, 0x46, 0x01, 0x00, 0xd9, 0x43,
  0x02, 0x00, 0xc9, 0x44, 0x03, 0x00, 0x29, 0x52, 0x09, 0x87, 0x8a, 0x49,
  0x50, 0x00, 0xba, 0x40, 0x16, 0x00, 0x4e, 0x00, 0x1c, 0x4a, 0x4c, 0x00,
  0xdc, 0x43, 0x00, 0x00, 0x9a, 0x53, 0x02, 0x00, 0x0c, 0x4a, 0xb0, 0x12,
  0x92, 0x8c, 0x30, 0x40, 0x16, 0x7c, 0x0f, 0x4c, 0x2c, 0x4c, 0x1f, 0x4f,
  0x04, 0x00, 0x8f, 0x12, 0x30, 0x41, 0x0f, 0x4c, 0x1c, 0x4c, 0x02, 0x00,
  0x1f, 0x4f, 0x06, 0x00, 0x8f, 0x12, 0x30, 0x41, 0xb0, 0x12, 0xb4, 0x9f,
  0x3c, 0x40, 0xc8, 0x14, 0xb0, 0x12, 0xfc, 0xa0, 0x4c, 0x43, 0x30, 0x41,
  0x0a, 0x12, 0x09, 0x12, 0x08, 0x12, 0x07, 0x12, 0x06, 0x12, 0x05, 0x12,
  0x21, 0x83, 0x08, 0x4c, 0x07, 0x4d, 0x05, 0x4e, 0x06, 0x4f, 0xb0, 0x12,
  0xc6, 0x96, 0x3c, 0x40, 0xc8, 0x14, 0xb0, 0x12, 0x64, 0xa0, 0x82, 0x43,
  0xd4, 0x26, 0x82, 0x43, 0xd6, 0x26, 0x82, 0x43, 0xd8, 0x26, 0xb2, 0x40,
  0x28, 0x84, 0xda, 0x26, 0xb2, 0x40, 0x2f, 0x84, 0xdc, 0x26, 0xb2, 0x43,
  0xde, 0x26, 0xb2, 0x43, 0xe0, 0x26, 0x82, 0x43, 0xe2, 0x26, 0x4f, 0x43,
  0x0e, 0x4f, 0x0d, 0x4f, 0x3c, 0x40, 0xc8, 0x14, 0xb0, 0x12, 0x70, 0xa0,
  0x0a, 0x4c, 0x39, 0x40, 0xd4, 0x26, 0x0c, 0x93, 0x56, 0x20, 0x0e, 0x4c,
  0x3d, 0x40, 0xa8, 0x65, 0x3c, 0x40, 0xc8, 0x14, 0xb0, 0x12, 0x0c, 0x97,
  0x1d, 0x49, 0x02, 0x00, 0x1e, 0x49, 0x04, 0x00, 0x3c, 0x40, 0xc8, 0x14,
  0xb0, 0x12, 0x34, 0x97, 0x1a, 0x49, 0x08, 0x00, 0x0c, 0x4a, 0xb0, 0x12,
  0x72, 0xf2, 0x5e, 0x42, 0x15, 0x04, 0x81, 0x4c, 0x00, 0x00, 0x0f, 0x4a,
  0x3d, 0x40, 0x70, 0x0c, 0x3c, 0x40, 0xc8, 0x14, 0xb0, 0x12, 0x7a, 0x97,
  0x0a, 0x4c, 0x0c, 0x93, 0x34, 0x20, 0x1e, 0x49, 0x0a, 0x00, 0x3e, 0x93,
  0x06, 0x24, 0x7d, 0x40, 0x03, 0x00, 0x3c, 0x40, 0xc8, 0x14, 0xb0, 0x12,
  0xca, 0x98, 0x1e, 0x49, 0x0c, 0x00, 0x3e, 0x93, 0x06, 0x24, 0x7d, 0x40,
  0x03, 0x00, 0x3c, 0x40, 0xc8, 0x14, 0xb0, 0x12, 0xc0, 0x98, 0x3d, 0x40,
  0xc8, 0x14, 0x0c, 0x48, 0xb0, 0x12, 0xda, 0x9d, 0x0a, 0x4c, 0x0c, 0x93,
  0x18, 0x20, 0x3d, 0x40, 0xf4, 0x14, 0x9d, 0x41, 0x10, 0x00, 0x02, 0x00,
  0x8d, 0x45, 0x00, 0x00, 0x8d, 0x46, 0x06, 0x00, 0x8d, 0x47, 0x04, 0x00,
  0x81, 0x4c, 0x00, 0x00, 0x3f, 0x40, 0xea, 0x82, 0x3e, 0x40, 0xf6, 0x82,
  0x0c, 0x48, 0xb0, 0x12, 0x20, 0x97, 0x0c, 0x4a, 0x21, 0x53, 0x30, 0x40,
  0x2a, 0xf4, 0x0c, 0x48, 0xb0, 0x12, 0x04, 0x83, 0x30, 0x40, 0x16, 0x84,
  0x31, 0x32, 0x33, 0x34, 0x35, 0x36, 0x00, 0x43, 0x6c, 0x69, 0x65, 0x6e,
  0x74, 0x5f, 0x69, 0x64, 0x65, 0x6e, 0x74, 0x69, 0x74, 0x79, 0x00, 0x00,
  0x0d, 0x5c, 0x0c, 0x9d, 0x01, 0x20, 0x30, 0x41, 0xcc, 0x43, 0x00, 0x00,
  0x1c, 0x53, 0x30, 0x40, 0x42, 0x84, 0x0a, 0x12, 0x09, 0x12, 0x08, 0x12,
  0x07, 0x12, 0x21, 0x83, 0x07, 0x4c, 0x09, 0x4d, 0x08, 0x4e, 0x1a, 0x4c,
  0x24, 0x00, 0x0a, 0x93, 0x0d, 0x24, 0x0c, 0x4d, 0x0d, 0x4e, 0xb0, 0x12,
  0xb8, 0xf5, 0x17, 0x47, 0x22, 0x00, 0x81, 0x48, 0x00, 0x00, 0x0f, 0x49,
  0x0e, 0x4d, 0x0d, 0x4c, 0x0c, 0x47, 0x8a, 0x12, 0x21, 0x53, 0x30, 0x40,
  0x2e, 0xf4, 0x0a, 0x12, 0x1b, 0x4c, 0x38, 0x00, 0x7a, 0x40, 0x03, 0x00,
  0x0a, 0x9b, 0x22, 0x2c, 0x1d, 0x4c, 0x32, 0x00, 0x5e, 0x4d, 0x02, 0x00,
  0x0e, 0x5e, 0x0e, 0x5e, 0x0e, 0x5e, 0x0e, 0x5e, 0x0e, 0x5e, 0x0e, 0x5e,
  0x0e, 0x5e, 0x0e, 0x5e, 0x5a, 0x4d, 0x03, 0x00, 0x0e, 0xda, 0x2e, 0x52,
  0x8c, 0x4e, 0x3c, 0x00, 0x0b, 0x9e, 0x12, 0x28, 0xbc, 0x90, 0x10, 0x00,
  0x02, 0x00, 0x07, 0x24, 0x1f, 0x4c, 0x18, 0x00, 0x0f, 0x93, 0x0e, 0x24,
  0x1f, 0x4f, 0x72, 0x00, 0x8f, 0x12, 0x4c, 0x43, 0x30, 0x40, 0xe0, 0x84,
  0x3c, 0x40, 0x00, 0x8e, 0x3a, 0x41, 0x30, 0x41, 0x3c, 0x40, 0x80, 0x8f,
  0x30, 0x40, 0xe0, 0x84, 0x0c, 0x4f, 0x30, 0x40, 0xe0, 0x84, 0x0a, 0x12,
  0x09, 0x12, 0x08, 0x12, 0x07, 0x12, 0x31, 0x80, 0x90, 0x00, 0x0a, 0x4c,
  0x07, 0x4d, 0x08, 0x4e, 0x19, 0x4c, 0x16, 0x00, 0x09, 0x93, 0x02, 0x20,
  0x19, 0x4c, 0x14, 0x00, 0x0c, 0x41, 0x3c, 0x50, 0x26, 0x00, 0xb0, 0x12,
  0x28, 0x77, 0x1d, 0x4a, 0x18, 0x00, 0x3d, 0x52, 0x0c, 0x41, 0x3c, 0x50,
  0x26, 0x00, 0xb0, 0x12, 0x4e, 0x77, 0x08, 0x93, 0x30, 0x24, 0x38, 0x40,
  0xac, 0xa1, 0x0d, 0x41, 0x3d, 0x50, 0x06, 0x00, 0x0c, 0x41, 0x3c, 0x50,
  0x26, 0x00, 0xb0, 0x12, 0x84, 0x79, 0x1a, 0x4a, 0x18, 0x00, 0xb1, 0x40,
  0x0c, 0x00, 0x04, 0x00, 0x81, 0x47, 0x02, 0x00, 0xb1, 0x40, 0x20, 0x00,
  0x00, 0x00, 0x0f, 0x41, 0x3f, 0x50, 0x06, 0x00, 0x0e, 0x48, 0x7d, 0x40,
  0x30, 0x00, 0x0c, 0x49, 0x3c, 0x50, 0x26, 0x00, 0x1a, 0x4a, 0x78, 0x00,
  0x8a, 0x12, 0x0c, 0x41, 0x3c, 0x50, 0x26, 0x00, 0xb0, 0x12, 0x34, 0x77,
  0x7d, 0x40, 0x20, 0x00, 0x0c, 0x41, 0x3c, 0x50, 0x06, 0x00, 0xb0, 0x12,
  0x40, 0x84, 0x31, 0x50, 0x90, 0x00, 0x30, 0x40, 0x2e, 0xf4, 0x38, 0x40,
  0x9c, 0xa1, 0x30, 0x40, 0x32, 0x85, 0x0a, 0x12, 0x09, 0x12, 0x31, 0x80,
  0x6a, 0x00, 0x09, 0x4c, 0x0a, 0x4d, 0x0c, 0x41, 0xb0, 0x12, 0x28, 0x77,
  0x1d, 0x49, 0x18, 0x00, 0x3d, 0x52, 0x0c, 0x41, 0xb0, 0x12, 0x4e, 0x77,
  0x0d, 0x4a, 0x0c, 0x41, 0xb0, 0x12, 0x84, 0x79, 0x0c, 0x41, 0xb0, 0x12,
  0x34, 0x77, 0x31, 0x50, 0x6a, 0x00, 0x30, 0x40, 0x32, 0xf4, 0x1c, 0x4c,
  0x18, 0x00, 0x3c, 0x52, 0xb0, 0x12, 0x7a, 0x79, 0x30, 0x41, 0xb0, 0x12,
  0xca, 0x85, 0x30, 0x41, 0x0a, 0x12, 0x09, 0x12, 0x08, 0x12, 0x07, 0x12,
  0x06, 0x12, 0x05, 0x12, 0x04, 0x12, 0x31, 0x80, 0xb2, 0x00, 0x81, 0x4c,
  0x06, 0x00, 0x81, 0x4d, 0x08, 0x00, 0x05, 0x4e, 0x81, 0x4f, 0x0a, 0x00,
  0x0a, 0x41, 0x3a, 0x50, 0x0c, 0x00, 0x0c, 0x4a, 0xb0, 0x12, 0x8e, 0x6f,
  0x7c, 0x40, 0x06, 0x00, 0xb0, 0x12, 0x6e, 0x6f, 0x06, 0x4c, 0x0c, 0x93,
  0x9f, 0x24, 0xb0, 0x12, 0x68, 0x73, 0x44, 0x4c, 0x0c, 0x45, 0xb0, 0x12,
  0x72, 0xf2, 0x08, 0x4c, 0x0b, 0x44, 0x0b, 0x5c, 0x1c, 0x41, 0xc2, 0x00,
  0x0c, 0x5b, 0x7d, 0x40, 0x80, 0x00, 0x0d, 0x9c, 0x93, 0x28, 0x09, 0x41,
  0x39, 0x50, 0x32, 0x00, 0x07, 0x49, 0x07, 0x54, 0x3f, 0x40, 0xde, 0xf1,
  0x0e, 0x48, 0x0d, 0x45, 0x0c, 0x47, 0x81, 0x4b, 0x02, 0x00, 0x81, 0x4f,
  0x00, 0x00, 0x8f, 0x12, 0x1e, 0x41, 0xc2, 0x00, 0x1d, 0x41, 0x0a, 0x00,
  0x1b, 0x41, 0x02, 0x00, 0x0c, 0x49, 0x0c, 0x5b, 0x2f, 0x41, 0x8f, 0x12,
  0x5e, 0x43, 0x0d, 0x46, 0x0c, 0x4a, 0xb0, 0x12, 0x2a, 0x70, 0x06, 0x4c,
  0x0c, 0x93, 0x29, 0x20, 0x18, 0x51, 0xc2, 0x00, 0x1e, 0x41, 0x08, 0x00,
  0x1d, 0x41, 0x06, 0x00, 0x0c, 0x4a, 0xb0, 0x12, 0x0e, 0x71, 0x0e, 0x48,
  0x0d, 0x47, 0x0c, 0x4a, 0xb0, 0x12, 0xf8, 0x71, 0x0d, 0x49, 0x0c, 0x4a,
  0xb0, 0x12, 0x1e, 0x72, 0x07, 0x44, 0x0c, 0x47, 0x0c, 0x84, 0x81, 0x4c,
  0x04, 0x00, 0x1c, 0x91, 0xc6, 0x00, 0x14, 0x28, 0x0c, 0x4a, 0xb0, 0x12,
  0x9a, 0x6f, 0x3a, 0x40, 0x40, 0x84, 0x7d, 0x40, 0x80, 0x00, 0x0c, 0x49,
  0x8a, 0x12, 0x7d, 0x40, 0x20, 0x00, 0x0c, 0x41, 0x3c, 0x50, 0x12, 0x00,
  0x8a, 0x12, 0x0c, 0x46, 0x31, 0x50, 0xb2, 0x00, 0x30, 0x40, 0x28, 0xf4,
  0x3f, 0x40, 0xa0, 0x72, 0x0c, 0x4a, 0x81, 0x4f, 0x00, 0x00, 0x8f, 0x12,
  0x0e, 0x44, 0x0e, 0x58, 0x0d, 0x49, 0x0c, 0x4a, 0xb0, 0x12, 0xf8, 0x71,
  0x35, 0x40, 0x1e, 0x72, 0x0d, 0x41, 0x3d, 0x50, 0x12, 0x00, 0x0c, 0x4a,
  0x85, 0x12, 0x2f, 0x41, 0x17, 0x91, 0xc6, 0x00, 0x0a, 0x2c, 0x0c, 0x4a,
  0x8f, 0x12, 0x0e, 0x44, 0x0d, 0x49, 0x0c, 0x4a, 0xb0, 0x12, 0xf8, 0x71,
  0x0d, 0x49, 0x0c, 0x4a, 0x85, 0x12, 0x81, 0x97, 0xc6, 0x00, 0x0b, 0x2c,
  0x0d, 0x44, 0x1c, 0x41, 0xc6, 0x00, 0xb0, 0x12, 0x88, 0xf3, 0x4d, 0x43,
  0x0d, 0x9c, 0x06, 0x20, 0x07, 0x54, 0x30, 0x40, 0x9e, 0x86, 0x0c, 0x44,
  0x30, 0x40, 0x26, 0x87, 0x1e, 0x41, 0x04, 0x00, 0x0e, 0x5d, 0x1e, 0x51,
  0xc4, 0x00, 0x7f, 0x40, 0x12, 0x00, 0x0f, 0x51, 0x0f, 0x5d, 0xee, 0x4f,
  0x00, 0x00, 0x1d, 0x53, 0x30, 0x40, 0x28, 0x87, 0x36, 0x40, 0x00, 0x94,
  0x30, 0x40, 0xca, 0x86, 0x36, 0x40, 0x00, 0x8f, 0x30, 0x40, 0xca, 0x86,
  0x0a, 0x12, 0x09, 0x12, 0x08, 0x12, 0x07, 0x12, 0x06, 0x12, 0x05, 0x12,
  0x04, 0x12, 0x31, 0x80, 0x4c, 0x01, 0x07, 0x4c, 0x91, 0x4c, 0x16, 0x00,
  0x0a, 0x00, 0x1a, 0x4c, 0x20, 0x00, 0x18, 0x4c, 0x18, 0x00, 0x2c, 0x4a,
  0x1c, 0x4c, 0x04, 0x00, 0xb0, 0x12, 0xda, 0x68, 0x09, 0x4c, 0x0c, 0x93,
  0x07, 0x20, 0x34, 0x40, 0x00, 0x8f, 0x0c, 0x44, 0x31, 0x50, 0x4c, 0x01,
  0x30, 0x40, 0x28, 0xf4, 0x2c, 0x4a, 0x1c, 0x4c, 0x06, 0x00, 0xb0, 0x12,
  0x6e, 0x6f, 0x81, 0x4c, 0x08, 0x00, 0x0c, 0x93, 0xf0, 0x27, 0xb7, 0x90,
  0x03, 0x00, 0x06, 0x00, 0x04, 0x24, 0x34, 0x40, 0x00, 0x94, 0x30, 0x40,
  0x9a, 0x87, 0xb8, 0x40, 0xdc, 0x85, 0x78, 0x00, 0xb8, 0x40, 0x96, 0x85,
  0x74, 0x00, 0xb8, 0x40, 0xf2, 0x84, 0x76, 0x00, 0x88, 0x93, 0x20, 0x01,
  0x21, 0x20, 0x05, 0x48, 0x35, 0x50, 0xbc, 0x00, 0x1d, 0x48, 0x7a, 0x00,
  0xb1, 0x40, 0x30, 0x00, 0x04, 0x00, 0x1c, 0x41, 0x0a, 0x00, 0x3c, 0x50,
  0x26, 0x00, 0x81, 0x4c, 0x02, 0x00, 0xb1, 0x40, 0x40, 0x00, 0x00, 0x00,
  0x0f, 0x48, 0x3f, 0x50, 0x7c, 0x00, 0x3e, 0x40, 0xbc, 0xa1, 0x0c, 0x45,
  0xb0, 0x12, 0xdc, 0x85, 0x04, 0x4c, 0x0c, 0x93, 0xc2, 0x23, 0x7d, 0x40,
  0x64, 0x00, 0x0c, 0x45, 0xb0, 0x12, 0x40, 0x84, 0x05, 0x48, 0x35, 0x50,
  0x7c, 0x00, 0x36, 0x40, 0xde, 0xf1, 0x7e, 0x40, 0x40, 0x00, 0x0d, 0x45,
  0x0c, 0x41, 0x3c, 0x50, 0x0c, 0x00, 0x86, 0x12, 0x7e, 0x40, 0x20, 0x00,
  0x0d, 0x41, 0x3d, 0x50, 0x2c, 0x00, 0x0c, 0x45, 0x86, 0x12, 0x7e, 0x40,
  0x20, 0x00, 0x0d, 0x41, 0x3d, 0x50, 0x0c, 0x00, 0x0c, 0x48, 0x3c, 0x50,
  0x9c, 0x00, 0x86, 0x12, 0x3b, 0x40, 0x40, 0x84, 0x7d, 0x40, 0x40, 0x00,
  0x0c, 0x41, 0x3c, 0x50, 0x0c, 0x00, 0x81, 0x4b, 0x06, 0x00, 0x8b, 0x12,
  0xb1, 0x40, 0x80, 0x00, 0x04, 0x00, 0x7e, 0x40, 0x4c, 0x00, 0x0e, 0x51,
  0x81, 0x4e, 0x02, 0x00, 0xb1, 0x40, 0x40, 0x00, 0x00, 0x00, 0x0f, 0x45,
  0x3e, 0x40, 0xca, 0xa1, 0x7d, 0x40, 0x30, 0x00, 0x1c, 0x41, 0x0a, 0x00,
  0x3c, 0x50, 0x26, 0x00, 0x18, 0x48, 0x78, 0x00, 0x88, 0x12, 0x04, 0x4c,
  0x08, 0x46, 0x1b, 0x41, 0x06, 0x00, 0x0c, 0x93, 0x7a, 0x23, 0x7d, 0x40,
  0x40, 0x00, 0x0c, 0x45, 0x8b, 0x12, 0x1c, 0x49, 0x04, 0x00, 0xb0, 0x12,
  0x50, 0xf5, 0x8a, 0x4c, 0x02, 0x00, 0x1c, 0x49, 0x02, 0x00, 0x3c, 0x90,
  0x06, 0x00, 0x02, 0x24, 0x3c, 0x92, 0x8f, 0x20, 0x8a, 0x43, 0x0a, 0x00,
  0xba, 0x40, 0x0c, 0x00, 0x06, 0x00, 0xaa, 0x42, 0x08, 0x00, 0x2c, 0x4a,
  0xec, 0xb3, 0x12, 0x00, 0x81, 0x20, 0x7c, 0x40, 0x10, 0x00, 0x3c, 0x52,
  0x8a, 0x4c, 0x04, 0x00, 0x2c, 0x47, 0xdc, 0xb3, 0x2a, 0x00, 0x67, 0x23,
  0x14, 0x4a, 0x0a, 0x00, 0x0c, 0x44, 0x0c, 0x54, 0x81, 0x4c, 0x08, 0x00,
  0x15, 0x4a, 0x02, 0x00, 0x06, 0x4c, 0x06, 0x55, 0x7e, 0x40, 0x4c, 0x00,
  0x0e, 0x51, 0x06, 0x5e, 0x0c, 0x4e, 0x0c, 0x54, 0x81, 0x4c, 0x0a, 0x00,
  0x1f, 0x4a, 0x08, 0x00, 0x0f, 0x93, 0x02, 0x20, 0x1f, 0x4a, 0x06, 0x00,
  0x0e, 0x4f, 0x0d, 0x46, 0x0d, 0x55, 0x0c, 0x4a, 0x3c, 0x50, 0x0c, 0x00,
  0x81, 0x4f, 0x06, 0x00, 0x88, 0x12, 0x1f, 0x41, 0x06, 0x00, 0x0d, 0x4f,
  0x0d, 0x55, 0x0e, 0x4f, 0x0d, 0x56, 0x0c, 0x4a, 0x3c, 0x50, 0x1c, 0x00,
  0x88, 0x12, 0x4e, 0x43, 0x1e, 0x97, 0x06, 0x00, 0x38, 0x37, 0x38, 0x40,
  0x0e, 0x71, 0x0e, 0x44, 0x0d, 0x41, 0x3d, 0x50, 0x4c, 0x00, 0x0c, 0x4a,
  0x3c, 0x50, 0x2c, 0x00, 0x88, 0x12, 0x1e, 0x4a, 0x0a, 0x00, 0x1d, 0x41,
  0x0a, 0x00, 0x0c, 0x4a, 0x3c, 0x50, 0x32, 0x00, 0x88, 0x12, 0x08, 0x4a,
  0x38, 0x50, 0x38, 0x00, 0x37, 0x40, 0x56, 0x6d, 0x0d, 0x49, 0x0c, 0x48,
  0x87, 0x12, 0x04, 0x4c, 0x0c, 0x93, 0x09, 0x23, 0x3a, 0x50, 0x68, 0x00,
  0x0d, 0x49, 0x0c, 0x4a, 0x87, 0x12, 0x04, 0x4c, 0x0c, 0x93, 0x01, 0x23,
  0x37, 0x40, 0x9a, 0x69, 0x5f, 0x43, 0x1e, 0x49, 0x04, 0x00, 0x7d, 0x40,
  0x4c, 0x00, 0x0d, 0x51, 0x1d, 0x51, 0x08, 0x00, 0x0c, 0x48, 0x87, 0x12,
  0x04, 0x4c, 0x0c, 0x93, 0xf2, 0x22, 0x0f, 0x4c, 0x1e, 0x49, 0x04, 0x00,
  0x0d, 0x46, 0x0c, 0x4a, 0x87, 0x12, 0x04, 0x4c, 0x0c, 0x93, 0xe9, 0x22,
  0xa9, 0x93, 0x02, 0x00, 0x47, 0x24, 0x3d, 0x40, 0x00, 0x01, 0x0c, 0x41,
  0x3c, 0x50, 0x4c, 0x00, 0xb0, 0x12, 0x40, 0x84, 0x30, 0x40, 0x9a, 0x87,
  0x7c, 0x42, 0x30, 0x40, 0xe2, 0x88, 0x35, 0x40, 0x2a, 0x70, 0x5e, 0x43,
  0x1d, 0x41, 0x08, 0x00, 0x0c, 0x4a, 0x3c, 0x50, 0x2c, 0x00, 0x85, 0x12,
  0x04, 0x4c, 0x0c, 0x93, 0xce, 0x22, 0x5e, 0x43, 0x1d, 0x41, 0x08, 0x00,
  0x0c, 0x4a, 0x3c, 0x50, 0x32, 0x00, 0x85, 0x12, 0x04, 0x4c, 0x0c, 0x93,
  0xc4, 0x22, 0x1c, 0x41, 0x08, 0x00, 0xb0, 0x12, 0x68, 0x73, 0x3c, 0xf0,
  0xff, 0x00, 0x8a, 0x4c, 0x0a, 0x00, 0x15, 0x49, 0x08, 0x00, 0x8a, 0x45,
  0x06, 0x00, 0xb9, 0x90, 0x07, 0x00, 0x02, 0x00, 0x59, 0x27, 0x1d, 0x49,
  0x0c, 0x00, 0x06, 0x4c, 0x06, 0x5d, 0xb0, 0x12, 0x88, 0xf3, 0x06, 0x8c,
  0x8a, 0x46, 0x04, 0x00, 0x1d, 0x47, 0x06, 0x00, 0x3d, 0x50, 0xfe, 0xff,
  0x5e, 0x43, 0x0e, 0x9d, 0xb6, 0x2a, 0x05, 0x56, 0x8a, 0x45, 0x04, 0x00,
  0x30, 0x40, 0xe8, 0x88, 0x39, 0x40, 0x12, 0x6d, 0x6d, 0x42, 0x0c, 0x48,
  0x89, 0x12, 0x0c, 0x93, 0x05, 0x20, 0x6d, 0x42, 0x0c, 0x4a, 0x89, 0x12,
  0x0c, 0x93, 0xad, 0x27, 0x04, 0x4c, 0x30, 0x40, 0x9a, 0x87, 0x0a, 0x12,
  0x09, 0x12, 0x08, 0x12, 0x07, 0x12, 0x06, 0x12, 0x05, 0x12, 0x04, 0x12,
  0x21, 0x83, 0x07, 0x4c, 0x15, 0x4c, 0x18, 0x00, 0x08, 0x45, 0x38, 0x50,
  0x20, 0x01, 0x2c, 0x4c, 0x16, 0x4c, 0x1a, 0x00, 0x1a, 0x4c, 0x1c, 0x00,
  0x1c, 0x45, 0x04, 0x00, 0x0c, 0x93, 0x03, 0x24, 0x1a, 0x45, 0x06, 0x00,
  0x06, 0x4c, 0x3d, 0x90, 0x05, 0x00, 0x41, 0x20, 0x0c, 0x4a, 0xb0, 0x12,
  0x3c, 0xf5, 0x4f, 0x4c, 0xc5, 0x4f, 0xbc, 0x00, 0x09, 0x45, 0x39, 0x50,
  0xbe, 0x00, 0x44, 0x4a, 0xc5, 0x44, 0xbd, 0x00, 0x0c, 0x48, 0x0c, 0x89,
  0x0c, 0x9a, 0x05, 0x2c, 0x3c, 0x40, 0x00, 0x8f, 0x21, 0x53, 0x30, 0x40,
  0x28, 0xf4, 0x0e, 0x4a, 0x4d, 0x43, 0x0c, 0x49, 0x81, 0x4f, 0x00, 0x00,
  0xb0, 0x12, 0x30, 0xf2, 0x0c, 0x49, 0x0c, 0x5a, 0x0d, 0x48, 0x0d, 0x8c,
  0x2f, 0x41, 0x5e, 0x43, 0x0e, 0x9d, 0xec, 0x37, 0xcc, 0x4f, 0x00, 0x00,
  0x0f, 0x4c, 0x2f, 0x53, 0xcc, 0x44, 0x01, 0x00, 0x08, 0x9f, 0xe4, 0x2b,
  0x08, 0x8f, 0x08, 0x9a, 0xe1, 0x2b, 0x0e, 0x4a, 0x0d, 0x46, 0x0c, 0x4f,
  0xb0, 0x12, 0xde, 0xf1, 0x0f, 0x4c, 0x1c, 0x47, 0x18, 0x00, 0x0a, 0x5f,
  0x0d, 0x4c, 0x3d, 0x50, 0xbc, 0x00, 0x0a, 0x8d, 0x8c, 0x4a, 0x7a, 0x00,
  0x4c, 0x43, 0x30, 0x40, 0xd8, 0x8a, 0x3c, 0x40, 0x00, 0x94, 0x30, 0x40,
  0xd8, 0x8a, 0x0a, 0x12, 0x09, 0x12, 0x08, 0x12, 0x21, 0x82, 0x0a, 0x4c,
  0x09, 0x4d, 0x8c, 0x93, 0x0a, 0x00, 0x03, 0x20, 0x8c, 0x93, 0x0c, 0x00,
  0x09, 0x24, 0x1d, 0x4a, 0x2c, 0x00, 0x1d, 0x8a, 0x28, 0x00, 0x3c, 0x40,
  0xa1, 0x01, 0x0c, 0x8d, 0x0c, 0x99, 0x24, 0x2c, 0x3c, 0x40, 0x00, 0x8f,
  0x30, 0x40, 0xba, 0x8b, 0x0e, 0x49, 0x0e, 0x8c, 0x1d, 0x4a, 0x26, 0x00,
  0x0d, 0x93, 0x26, 0x24, 0x1c, 0x4a, 0x22, 0x00, 0x81, 0x4e, 0x02, 0x00,
  0x8d, 0x12, 0x1e, 0x41, 0x02, 0x00, 0x2c, 0x93, 0x1d, 0x20, 0x3c, 0x40,
  0x00, 0x98, 0x30, 0x40, 0xba, 0x8b, 0x28, 0x4a, 0x1f, 0x48, 0x22, 0x00,
  0x91, 0x48, 0x24, 0x00, 0x00, 0x00, 0x8b, 0x12, 0x0c, 0x93, 0x0c, 0x24,
  0x0c, 0x93, 0x07, 0x38, 0x8a, 0x5c, 0x3a, 0x00, 0x1c, 0x4a, 0x3a, 0x00,
  0x0c, 0x99, 0xdc, 0x2b, 0x4c, 0x43, 0x21, 0x52, 0x30, 0x40, 0x30, 0xf4,
  0x3c, 0x40, 0x80, 0x8d, 0x30, 0x40, 0xba, 0x8b, 0x1b, 0x4a, 0x0c, 0x00,
  0x1d, 0x4a, 0x2c, 0x00, 0x1d, 0x5a, 0x3a, 0x00, 0x1c, 0x4a, 0x0e, 0x00,
  0x0b, 0x93, 0xdd, 0x23, 0x1f, 0x4a, 0x0a, 0x00, 0x8f, 0x12, 0x30, 0x40,
  0xa4, 0x8b, 0x0a, 0x12, 0x09, 0x12, 0x08, 0x12, 0x0a, 0x4c, 0x8c, 0x93,
  0x08, 0x00, 0x4b, 0x24, 0x8c, 0x93, 0x52, 0x00, 0x42, 0x20, 0x4c, 0x43,
  0x30, 0x40, 0x30, 0xf4, 0x7c, 0x40, 0x0f, 0x00, 0x1c, 0x9a, 0x02, 0x00,
  0x31, 0x34, 0x1f, 0x4a, 0x4c, 0x00, 0x3f, 0x50, 0xeb, 0xff, 0x0e, 0x48,
  0x1d, 0x4a, 0x46, 0x00, 0x0c, 0x4f, 0x89, 0x12, 0x1e, 0x4a, 0x52, 0x00,
  0x1d, 0x4a, 0x50, 0x00, 0x3d, 0x50, 0x05, 0x00, 0x0d, 0x8e, 0x0d, 0x5c,
  0x1c, 0x4a, 0x0e, 0x00, 0x1f, 0x4a, 0x08, 0x00, 0x8f, 0x12, 0x4d, 0x43,
  0x0d, 0x9c, 0xe0, 0x37, 0x8a, 0x8c, 0x52, 0x00, 0x1e, 0x4a, 0x52, 0x00,
  0x0e, 0x93, 0xdc, 0x23, 0x7c, 0x40, 0x07, 0x00, 0x1e, 0x4a, 0x44, 0x00,
  0x0e, 0x5c, 0x6d, 0x4e, 0x5d, 0x53, 0xce, 0x4d, 0x00, 0x00, 0x3c, 0x53,
  0x4d, 0x93, 0xcd, 0x23, 0x3c, 0x93, 0xf4, 0x23, 0x3c, 0x40, 0x80, 0x94,
  0x30, 0x40, 0xfc, 0x8b, 0x1d, 0x4a, 0x50, 0x00, 0x3d, 0x50, 0x05, 0x00,
  0x0d, 0x8e, 0x1d, 0x5a, 0x46, 0x00, 0x30, 0x40, 0x2c, 0x8c, 0x39, 0x40,
  0xde, 0xf1, 0x78, 0x40, 0x15, 0x00, 0x30, 0x40, 0x40, 0x8c, 0x3c, 0x40,
  0x00, 0x8f, 0x30, 0x40, 0xfc, 0x8b, 0x0a, 0x12, 0x09, 0x12, 0x08, 0x12,
  0x07, 0x12, 0x06, 0x12, 0x05, 0x12, 0x04, 0x12, 0x31, 0x80, 0x48, 0x00,
  0x05, 0x4c, 0x1a, 0x4c, 0x50, 0x00, 0xbc, 0x90, 0x16, 0x00, 0x4e, 0x00,
  0x2b, 0x20, 0x1c, 0x4c, 0x4c, 0x00, 0x69, 0x4c, 0x09, 0x93, 0x09, 0x24,
  0x85, 0x93, 0x18, 0x00, 0x06, 0x20, 0x3c, 0x40, 0x00, 0x94, 0x31, 0x50,
  0x48, 0x00, 0x30, 0x40, 0x28, 0xf4, 0xcc, 0x43, 0x01, 0x00, 0x18, 0x45,
  0x4c, 0x00, 0x0c, 0x4a, 0x3c, 0x50, 0xfc, 0xff, 0xb0, 0x12, 0x3c, 0xf5,
  0xc8, 0x4c, 0x02, 0x00, 0x1c, 0x45, 0x4c, 0x00, 0x4d, 0x4a, 0x7d, 0x50,
  0xfc, 0xff, 0xcc, 0x4d, 0x03, 0x00, 0x09, 0x93, 0x09, 0x24, 0x1f, 0x45,
  0x18, 0x00, 0x0e, 0x4a, 0x1d, 0x45, 0x4c, 0x00, 0x0c, 0x45, 0x1f, 0x4f,
  0x72, 0x00, 0x8f, 0x12, 0x1c, 0x45, 0x46, 0x00, 0xdc, 0x45, 0x4e, 0x00,
  0x00, 0x00, 0x1d, 0x45, 0x06, 0x00, 0x1c, 0x45, 0x46, 0x00, 0xdc, 0x45,
  0x04, 0x00, 0x01, 0x00, 0xcc, 0x4d, 0x02, 0x00, 0x19, 0x45, 0x48, 0x00,
  0x0c, 0x4a, 0xb0, 0x12, 0x3c, 0xf5, 0xc9, 0x4c, 0x00, 0x00, 0x1c, 0x45,
  0x48, 0x00, 0xcc, 0x4a, 0x01, 0x00, 0x1c, 0x45, 0x1c, 0x00, 0x0c, 0x93,
  0x91, 0x24, 0x85, 0x93, 0x12, 0x00, 0xbd, 0x27, 0x1d, 0x4c, 0x38, 0x00,
  0x0d, 0x93, 0xb9, 0x27, 0x16, 0x4d, 0x02, 0x00, 0x36, 0x90, 0x07, 0x00,
  0x02, 0x24, 0x26, 0x93, 0xb2, 0x23, 0x4d, 0x43, 0x1d, 0x95, 0x06, 0x00,
  0xae, 0x37, 0x3d, 0x40, 0xff, 0x01, 0x1d, 0x95, 0x50, 0x00, 0x85, 0x28,
  0x3a, 0x40, 0xf8, 0x71, 0x7e, 0x40, 0x0d, 0x00, 0x1d, 0x45, 0x44, 0x00,
  0x3c, 0x50, 0x2c, 0x00, 0x8a, 0x12, 0x1e, 0x45, 0x50, 0x00, 0x1d, 0x45,
  0x4c, 0x00, 0x1c, 0x45, 0x1c, 0x00, 0x3c, 0x50, 0x2c, 0x00, 0x8a, 0x12,
  0x1d, 0x45, 0x4c, 0x00, 0x1d, 0x55, 0x50, 0x00, 0x1c, 0x45, 0x1c, 0x00,
  0x3c, 0x50, 0x2c, 0x00, 0xb0, 0x12, 0x1e, 0x72, 0x1c, 0x45, 0x1c, 0x00,
  0x3c, 0x50, 0x2c, 0x00, 0xb0, 0x12, 0xa0, 0x72, 0x1c, 0x45, 0x1c, 0x00,
  0x95, 0x5c, 0x0a, 0x00, 0x50, 0x00, 0x26, 0x93, 0x80, 0x23, 0x81, 0x43,
  0x08, 0x00, 0x1a, 0x4c, 0x06, 0x00, 0x0d, 0x4a, 0x1c, 0x45, 0x50, 0x00,
  0x1c, 0x53, 0xb0, 0x12, 0x88, 0xf3, 0x09, 0x4a, 0x09, 0x8c, 0x0a, 0x99,
  0x01, 0x20, 0x49, 0x43, 0x48, 0x43, 0x3a, 0x40, 0x7e, 0xe2, 0x1c, 0x45,
  0x50, 0x00, 0x3d, 0x40, 0xff, 0x01, 0x0d, 0x9c, 0x9d, 0x28, 0x1c, 0x55,
  0x4c, 0x00, 0x0c, 0x58, 0xcc, 0x49, 0x00, 0x00, 0x18, 0x53, 0x09, 0x98,
  0xf2, 0x2f, 0x1a, 0x45, 0x50, 0x00, 0x1a, 0x53, 0x0a, 0x59, 0x85, 0x4a,
  0x50, 0x00, 0x5c, 0x43, 0x1c, 0x95, 0x06, 0x00, 0x92, 0x38, 0x1f, 0x45,
  0x4c, 0x00, 0x1c, 0x45, 0x1c, 0x00, 0x1e, 0x4c, 0x06, 0x00, 0x7d, 0x42,
  0x0d, 0x51, 0x81, 0x4d, 0x04, 0x00, 0x81, 0x4f, 0x02, 0x00, 0x81, 0x4a,
  0x00, 0x00, 0x0d, 0x4c, 0x3d, 0x50, 0x0c, 0x00, 0x3c, 0x50, 0x38, 0x00,
  0xb0, 0x12, 0xa4, 0x6d, 0x0c, 0x93, 0x41, 0x23, 0x1a, 0x91, 0x08, 0x00,
  0x3c, 0x23, 0x1a, 0x45, 0x50, 0x00, 0x19, 0x45, 0x48, 0x00, 0x0c, 0x4a,
  0xb0, 0x12, 0x3c, 0xf5, 0xc9, 0x4c, 0x00, 0x00, 0x1c, 0x45, 0x48, 0x00,
  0xcc, 0x4a, 0x01, 0x00, 0x1c, 0x45, 0x50, 0x00, 0x3c, 0x50, 0x05, 0x00,
  0x85, 0x4c, 0x52, 0x00, 0x0c, 0x45, 0xb0, 0x12, 0xe6, 0x8b, 0x30, 0x40,
  0xc6, 0x8c, 0x4a, 0x43, 0x39, 0x40, 0x7e, 0xe2, 0x1c, 0x45, 0x44, 0x00,
  0x0c, 0x5a, 0x6d, 0x4c, 0x0c, 0x4a, 0x3c, 0x50, 0x73, 0x40, 0x89, 0x12,
  0x1a, 0x53, 0x3a, 0x90, 0x0d, 0x00, 0xf4, 0x23, 0x18, 0x45, 0x50, 0x00,
  0x38, 0x50, 0x0d, 0x00, 0x0a, 0x48, 0x7a, 0xf0, 0x3f, 0x00, 0x08, 0x8a,
  0x37, 0x40, 0xf8, 0x71, 0x0e, 0x48, 0x1d, 0x45, 0x4c, 0x00, 0x3d, 0x50,
  0xf3, 0xff, 0x1c, 0x45, 0x1c, 0x00, 0x3c, 0x50, 0x2c, 0x00, 0x87, 0x12,
  0x09, 0x41, 0x39, 0x52, 0x04, 0x49, 0x3c, 0x40, 0x73, 0x40, 0x0c, 0x89,
  0x0c, 0x58, 0x81, 0x4c, 0x06, 0x00, 0x0c, 0x44, 0x0c, 0x89, 0x0c, 0x9a,
  0x1f, 0x28, 0x0e, 0x4a, 0x0d, 0x49, 0x1c, 0x45, 0x1c, 0x00, 0x3c, 0x50,
  0x2c, 0x00, 0x87, 0x12, 0x0d, 0x49, 0x1c, 0x45, 0x1c, 0x00, 0x3c, 0x50,
  0x2c, 0x00, 0xb0, 0x12, 0x1e, 0x72, 0x47, 0x43, 0x3a, 0x50, 0x73, 0x40,
  0x08, 0x5a, 0x0c, 0x49, 0x0c, 0x57, 0x6d, 0x4c, 0x0c, 0x48, 0x0c, 0x57,
  0xb0, 0x12, 0x7e, 0xe2, 0x17, 0x53, 0x37, 0x90, 0x20, 0x00, 0xf5, 0x23,
  0x30, 0x40, 0xa8, 0x8d, 0x1c, 0x41, 0x06, 0x00, 0x0c, 0x54, 0xb0, 0x12,
  0x94, 0xe2, 0xc4, 0x4c, 0x00, 0x00, 0x14, 0x53, 0x30, 0x40, 0xd2, 0x8e,
  0x3c, 0x50, 0x80, 0x40, 0x4d, 0x49, 0x0c, 0x58, 0x8a, 0x12, 0x30, 0x40,
  0xfc, 0x8d, 0x2f, 0x45, 0x1d, 0x45, 0x1c, 0x00, 0x1e, 0x4d, 0x06, 0x00,
  0x3d, 0x50, 0x0c, 0x00, 0x1c, 0x4f, 0x0e, 0x00, 0x1f, 0x4f, 0x0c, 0x00,
  0x8f, 0x12, 0x0c, 0x93, 0xb8, 0x22, 0x1d, 0x45, 0x1c, 0x00, 0x1e, 0x4d,
  0x06, 0x00, 0x3d, 0x50, 0x0c, 0x00, 0x1c, 0x45, 0x4a, 0x00, 0xb0, 0x12,
  0xde, 0xf1, 0x1f, 0x45, 0x4c, 0x00, 0x1a, 0x45, 0x50, 0x00, 0x1c, 0x45,
  0x1c, 0x00, 0x1c, 0x4c, 0x06, 0x00, 0x0c, 0x5a, 0x85, 0x4c, 0x50, 0x00,
  0x30, 0x40, 0x1a, 0x8e, 0x3d, 0xf0, 0xff, 0x00, 0x3e, 0xf0, 0xff, 0x00,
  0x0c, 0x93, 0x13, 0x24, 0x8c, 0x93, 0x00, 0x00, 0x10, 0x24, 0xbc, 0x40,
  0x15, 0x00, 0x4e, 0x00, 0xac, 0x43, 0x50, 0x00, 0x1b, 0x4c, 0x4c, 0x00,
  0xcb, 0x4d, 0x00, 0x00, 0x1d, 0x4c, 0x4c, 0x00, 0xcd, 0x4e, 0x01, 0x00,
  0xb0, 0x12, 0x92, 0x8c, 0x30, 0x41, 0x3c, 0x40, 0x00, 0x8f, 0x30, 0x40,
  0xb4, 0x8f, 0x7e, 0x40, 0x28, 0x00, 0x6d, 0x43, 0xb0, 0x12, 0x84, 0x8f,
  0x30, 0x41, 0x0a, 0x12, 0x09, 0x12, 0x08, 0x12, 0x07, 0x12, 0x06, 0x12,
  0x05, 0x12, 0x04, 0x12, 0x31, 0x80, 0x46, 0x00, 0x0a, 0x4c, 0x1d, 0x4c,
  0x3c, 0x00, 0x0d, 0x93, 0x12, 0x24, 0x1e, 0x4c, 0x38, 0x00, 0x0d, 0x9e,
  0x0e, 0x2c, 0x0e, 0x8d, 0x8c, 0x4e, 0x38, 0x00, 0x1c, 0x4c, 0x32, 0x00,
  0x0d, 0x5c, 0xb0, 0x12, 0xf4, 0xf1, 0x0c, 0x4a, 0xb0, 0x12, 0x8a, 0x84,
  0x09, 0x4c, 0x30, 0x40, 0xe8, 0x90, 0x8a, 0x43, 0x3c, 0x00, 0x7d, 0x40,
  0x05, 0x00, 0x0c, 0x4a, 0xb0, 0x12, 0x3e, 0x8b, 0x09, 0x4c, 0x0c, 0x93,
  0x65, 0x20, 0x1e, 0x4a, 0x2c, 0x00, 0x6c, 0x4e, 0x8a, 0x4c, 0x36, 0x00,
  0x1f, 0x4a, 0x2e, 0x00, 0x6d, 0x4f, 0x0d, 0x5d, 0x0d, 0x5d, 0x0d, 0x5d,
  0x0d, 0x5d, 0x0d, 0x5d, 0x0d, 0x5d, 0x0d, 0x5d, 0x0d, 0x5d, 0x5f, 0x4f,
  0x01, 0x00, 0x0d, 0xdf, 0x8a, 0x4d, 0x38, 0x00, 0x3c, 0x50, 0xec, 0xff,
  0x7f, 0x40, 0x03, 0x00, 0x0f, 0x9c, 0x0d, 0x2c, 0x7e, 0x40, 0x0a, 0x00,
  0x6d, 0x43, 0x0c, 0x4a, 0xb0, 0x12, 0x84, 0x8f, 0x09, 0x4c, 0x0c, 0x93,
  0x41, 0x20, 0x39, 0x40, 0x00, 0x8e, 0x30, 0x40, 0xe8, 0x90, 0x5c, 0x4e,
  0x01, 0x00, 0x8a, 0x9c, 0x04, 0x00, 0xf7, 0x23, 0x2c, 0x4a, 0x5c, 0x4c,
  0x27, 0x00, 0x5e, 0x4e, 0x02, 0x00, 0x0c, 0x9e, 0xf0, 0x3b, 0x1e, 0x4a,
  0x32, 0x00, 0x1e, 0x8a, 0x28, 0x00, 0x3c, 0x40, 0xa1, 0x01, 0x0c, 0x8e,
  0x0c, 0x9d, 0xe7, 0x2b, 0x1c, 0x4a, 0x1a, 0x00, 0x0c, 0x93, 0x29, 0x20,
  0x0c, 0x4d, 0x3c, 0x53, 0x7e, 0x40, 0x63, 0x00, 0x0e, 0x9c, 0xdd, 0x2b,
  0x3d, 0x50, 0x05, 0x00, 0x0c, 0x4a, 0xb0, 0x12, 0x3e, 0x8b, 0x09, 0x4c,
  0x0c, 0x93, 0x16, 0x20, 0x8a, 0x49, 0x3a, 0x00, 0x16, 0x4a, 0x1a, 0x00,
  0x06, 0x93, 0xb1, 0x25, 0x8a, 0x93, 0x10, 0x00, 0xf4, 0x24, 0x1c, 0x46,
  0x68, 0x00, 0x0c, 0x93, 0x1c, 0x24, 0x1c, 0x4c, 0x02, 0x00, 0x17, 0x4a,
  0x38, 0x00, 0x17, 0x96, 0x04, 0x00, 0x18, 0x2c, 0x39, 0x40, 0x80, 0x8e,
  0x0c, 0x49, 0x31, 0x50, 0x46, 0x00, 0x30, 0x40, 0x28, 0xf4, 0x1c, 0x4c,
  0x04, 0x00, 0x0d, 0x9c, 0xb6, 0x2b, 0x4f, 0x43, 0x1f, 0x9a, 0x06, 0x00,
  0xd5, 0x37, 0x3c, 0x50, 0x64, 0x01, 0x0c, 0x9d, 0xd1, 0x2f, 0x30, 0x40,
  0x66, 0x90, 0x0c, 0x49, 0x30, 0x40, 0xda, 0x90, 0x2c, 0x93, 0xcf, 0x20,
  0x81, 0x43, 0x16, 0x00, 0x14, 0x4a, 0x06, 0x00, 0x15, 0x46, 0x06, 0x00,
  0x5c, 0x43, 0x0c, 0x94, 0xca, 0x34, 0x0d, 0x45, 0x0c, 0x45, 0x0c, 0x5d,
  0x07, 0x9c, 0xd5, 0x28, 0x1c, 0x46, 0x0a, 0x00, 0x1c, 0x53, 0x0c, 0x5d,
  0x07, 0x9c, 0xcf, 0x28, 0x0d, 0x45, 0x0c, 0x47, 0xb0, 0x12, 0x88, 0xf3,
  0x08, 0x4c, 0x0c, 0x93, 0xc8, 0x20, 0x1f, 0x4a, 0x32, 0x00, 0x0d, 0x46,
  0x3d, 0x50, 0x1c, 0x00, 0x5e, 0x43, 0x0e, 0x94, 0x06, 0x34, 0x07, 0x85,
  0x8a, 0x47, 0x38, 0x00, 0x0e, 0x4d, 0x05, 0x9c, 0xad, 0x20, 0x7c, 0x40,
  0x16, 0x00, 0x0c, 0x51, 0x81, 0x4c, 0x04, 0x00, 0x81, 0x4f, 0x02, 0x00,
  0x81, 0x47, 0x00, 0x00, 0x0e, 0x45, 0x0c, 0x46, 0x3c, 0x50, 0x68, 0x00,
  0xb0, 0x12, 0xa4, 0x6d, 0x0c, 0x93, 0x3c, 0x23, 0x17, 0x91, 0x16, 0x00,
  0xaa, 0x20, 0x91, 0x4a, 0x32, 0x00, 0x10, 0x00, 0x16, 0x4a, 0x38, 0x00,
  0x0c, 0x46, 0x3c, 0x53, 0x1d, 0x41, 0x10, 0x00, 0x0d, 0x5c, 0x67, 0x4d,
  0x17, 0x53, 0x1d, 0x4a, 0x1a, 0x00, 0x91, 0x4d, 0x0a, 0x00, 0x0e, 0x00,
  0x1d, 0x41, 0x0e, 0x00, 0x0d, 0x57, 0x06, 0x9d, 0x8c, 0x28, 0x55, 0x43,
  0x4d, 0x43, 0x1d, 0x9a, 0x06, 0x00, 0x8f, 0x34, 0x0c, 0x87, 0x5d, 0x43,
  0x0e, 0x47, 0x1e, 0x53, 0x06, 0x9e, 0x01, 0x2c, 0x4d, 0x43, 0x5f, 0x43,
  0x1e, 0x41, 0x0e, 0x00, 0x3e, 0x50, 0x64, 0x00, 0x0c, 0x9e, 0x01, 0x28,
  0x4f, 0x43, 0x4d, 0xff, 0x3d, 0xf0, 0xff, 0x00, 0x0d, 0xf5, 0x81, 0x4d,
  0x0c, 0x00, 0x34, 0x40, 0xe2, 0xf3, 0x84, 0x12, 0x81, 0x4c, 0x12, 0x00,
  0x0b, 0x48, 0x5f, 0x43, 0x05, 0x4f, 0x0e, 0x47, 0x3e, 0x53, 0x81, 0x4e,
  0x14, 0x00, 0x0e, 0x44, 0x5c, 0x43, 0x07, 0x95, 0x01, 0x2c, 0x4c, 0x43,
  0x0f, 0xfc, 0x1d, 0x41, 0x12, 0x00, 0x0d, 0x55, 0x1d, 0x51, 0x10, 0x00,
  0x5c, 0x43, 0x6d, 0x4d, 0x81, 0x9d, 0x14, 0x00, 0x01, 0x24, 0x4c, 0x43,
  0x0d, 0x4f, 0x81, 0x4b, 0x0a, 0x00, 0x81, 0x4e, 0x08, 0x00, 0x81, 0x4f,
  0x06, 0x00, 0x8e, 0x12, 0x1b, 0x41, 0x0a, 0x00, 0x0b, 0x5c, 0x15, 0x53,
  0x1e, 0x41, 0x08, 0x00, 0x1f, 0x41, 0x06, 0x00, 0x35, 0x90, 0x01, 0x01,
  0xdd, 0x23, 0x55, 0x43, 0x07, 0x9b, 0x01, 0x24, 0x45, 0x43, 0x15, 0xf1,
  0x0c, 0x00, 0x3d, 0x40, 0xff, 0x01, 0x0c, 0x45, 0x84, 0x12, 0x07, 0xfc,
  0x0c, 0x46, 0x0c, 0x87, 0x1c, 0x81, 0x0e, 0x00, 0x8a, 0x4c, 0x38, 0x00,
  0x16, 0x4a, 0x2e, 0x00, 0xb0, 0x12, 0x3c, 0xf5, 0xc6, 0x4c, 0x00, 0x00,
  0x1c, 0x4a, 0x2e, 0x00, 0xdc, 0x4a, 0x38, 0x00, 0x01, 0x00, 0x1f, 0x4a,
  0x38, 0x00, 0x16, 0x4a, 0x1a, 0x00, 0x1e, 0x46, 0x0a, 0x00, 0x1d, 0x4a,
  0x32, 0x00, 0x0d, 0x5f, 0x0c, 0x41, 0x3c, 0x50, 0x16, 0x00, 0x81, 0x4f,
  0x06, 0x00, 0xb0, 0x12, 0xde, 0xf1, 0x1f, 0x41, 0x06, 0x00, 0x4c, 0x43,
  0x1c, 0x9a, 0x06, 0x00, 0x1c, 0x38, 0x39, 0x40, 0x00, 0x94, 0x30, 0x40,
  0xe8, 0x90, 0x4d, 0x43, 0x30, 0x40, 0x2c, 0x91, 0x14, 0x4a, 0x30, 0x00,
  0x04, 0x5c, 0xee, 0x44, 0x00, 0x00, 0x1c, 0x53, 0x1e, 0x53, 0x30, 0x40,
  0x66, 0x91, 0x05, 0x48, 0x07, 0x48, 0x30, 0x40, 0xc0, 0x91, 0x3c, 0x40,
  0x80, 0x8e, 0x30, 0x40, 0x04, 0x90, 0x3c, 0x40, 0x00, 0x94, 0x30, 0x40,
  0x04, 0x90, 0x3f, 0x50, 0x15, 0x00, 0x0c, 0x47, 0x0c, 0x5f, 0x81, 0x4f,
  0x06, 0x00, 0xb0, 0x12, 0x44, 0xf5, 0x07, 0x4c, 0x1f, 0x41, 0x06, 0x00,
  0x0c, 0x4f, 0xb0, 0x12, 0x44, 0xf5, 0x07, 0x8c, 0x7d, 0x40, 0xff, 0x00,
  0x0c, 0x45, 0x84, 0x12, 0x07, 0xfc, 0x34, 0x40, 0xf8, 0x71, 0x7e, 0x42,
  0x1d, 0x4a, 0x2a, 0x00, 0x0c, 0x46, 0x3c, 0x50, 0x32, 0x00, 0x84, 0x12,
  0x7e, 0x40, 0x03, 0x00, 0x1d, 0x4a, 0x2c, 0x00, 0x1c, 0x4a, 0x1a, 0x00,
  0x3c, 0x50, 0x32, 0x00, 0x84, 0x12, 0x6e, 0x43, 0x1d, 0x4a, 0x2e, 0x00,
  0x1c, 0x4a, 0x1a, 0x00, 0x3c, 0x50, 0x32, 0x00, 0x84, 0x12, 0x1e, 0x4a,
  0x38, 0x00, 0x1d, 0x4a, 0x32, 0x00, 0x1c, 0x4a, 0x1a, 0x00, 0x3c, 0x50,
  0x32, 0x00, 0x84, 0x12, 0x1d, 0x4a, 0x32, 0x00, 0x1d, 0x5a, 0x38, 0x00,
  0x1c, 0x4a, 0x1a, 0x00, 0x3c, 0x50, 0x32, 0x00, 0xb0, 0x12, 0x1e, 0x72,
  0x04, 0x48, 0x17, 0x53, 0x36, 0x40, 0x48, 0x73, 0x1c, 0x4a, 0x1a, 0x00,
  0x3c, 0x50, 0x32, 0x00, 0x04, 0x97, 0x17, 0x28, 0xb0, 0x12, 0xa0, 0x72,
  0x17, 0x4a, 0x32, 0x00, 0x1e, 0x4a, 0x38, 0x00, 0x1c, 0x4a, 0x1a, 0x00,
  0x1f, 0x4c, 0x0a, 0x00, 0x4c, 0x43, 0x0f, 0x98, 0x10, 0x20, 0x0c, 0x93,
  0xa1, 0x22, 0x05, 0x93, 0x9f, 0x26, 0x0e, 0x93, 0x19, 0x24, 0x8a, 0x4c,
  0x3e, 0x00, 0x30, 0x40, 0xee, 0x93, 0x1d, 0x4a, 0x32, 0x00, 0x86, 0x12,
  0x14, 0x53, 0x30, 0x40, 0x78, 0x93, 0x0d, 0x4e, 0x0d, 0x58, 0x0d, 0x57,
  0x76, 0x40, 0x16, 0x00, 0x06, 0x51, 0x06, 0x58, 0x6d, 0x4d, 0x6d, 0xe6,
  0x4c, 0xdd, 0x3c, 0xf0, 0xff, 0x00, 0x18, 0x53, 0x30, 0x40, 0x9a, 0x93,
  0x1c, 0x4a, 0x3e, 0x00, 0x1c, 0x53, 0x8a, 0x4c, 0x3e, 0x00, 0x7d, 0x40,
  0x03, 0x00, 0x0d, 0x9c, 0x7b, 0x3a, 0x7c, 0x42, 0x3c, 0x53, 0x1e, 0x4a,
  0x2a, 0x00, 0x0e, 0x5c, 0x6d, 0x4e, 0x5d, 0x53, 0xce, 0x4d, 0x00, 0x00,
  0x4d, 0x93, 0x0e, 0x20, 0x0c, 0x93, 0xf4, 0x23, 0x39, 0x40, 0x80, 0x94,
  0x30, 0x40, 0xe8, 0x90, 0x39, 0x40, 0x80, 0x88, 0x30, 0x40, 0xe8, 0x90,
  0x39, 0x40, 0x80, 0x87, 0x30, 0x40, 0xe8, 0x90, 0x7e, 0x40, 0x64, 0x00,
  0x1e, 0x9a, 0x38, 0x00, 0x1e, 0x2a, 0xba, 0x90, 0x16, 0x00, 0x36, 0x00,
  0x07, 0x20, 0x0c, 0x4a, 0xb0, 0x12, 0x8a, 0x84, 0x0c, 0x93, 0x02, 0x24,
  0x30, 0x40, 0x04, 0x90, 0xba, 0x90, 0x15, 0x00, 0x36, 0x00, 0x50, 0x22,
  0x1c, 0x4a, 0x32, 0x00, 0x6d, 0x4c, 0x6d, 0x93, 0xdf, 0x27, 0x5d, 0x93,
  0x02, 0x24, 0x30, 0x40, 0x0e, 0x90, 0x5c, 0x4c, 0x01, 0x00, 0x0c, 0x93,
  0xdb, 0x27, 0x3c, 0x90, 0x64, 0x00, 0x02, 0x24, 0x30, 0x40, 0x0e, 0x90,
  0x30, 0x40, 0xe8, 0x90, 0x1d, 0x4c, 0x20, 0x00, 0x2d, 0x4d, 0x1d, 0x4d,
  0x08, 0x00, 0x0e, 0x4d, 0x3e, 0x50, 0xfb, 0xff, 0x5f, 0x43, 0x0f, 0x9e,
  0x05, 0x2c, 0x3d, 0x92, 0x03, 0x24, 0x3d, 0x90, 0x0b, 0x00, 0x04, 0x20,
  0x9c, 0x53, 0x02, 0x00, 0x4c, 0x43, 0x30, 0x41, 0x3c, 0x40, 0x00, 0x94,
  0x30, 0x40, 0x96, 0x94, 0xb0, 0x12, 0x70, 0x94, 0x30, 0x41, 0xbc, 0x40,
  0x14, 0x00, 0x4e, 0x00, 0x9c, 0x43, 0x50, 0x00, 0x1e, 0x4c, 0x4c, 0x00,
  0xde, 0x43, 0x00, 0x00, 0x9c, 0x53, 0x02, 0x00, 0xb0, 0x12, 0x92, 0x8c,
  0x30, 0x41, 0x0a, 0x12, 0x09, 0x12, 0x0a, 0x4c, 0xb0, 0x12, 0xca, 0x8f,
  0x09, 0x4c, 0x0c, 0x93, 0x29, 0x20, 0xba, 0x90, 0x14, 0x00, 0x36, 0x00,
  0x2d, 0x20, 0x9a, 0x93, 0x38, 0x00, 0x2e, 0x20, 0x1c, 0x4a, 0x32, 0x00,
  0xdc, 0x93, 0x00, 0x00, 0x29, 0x20, 0x9a, 0x4a, 0x20, 0x00, 0x1a, 0x00,
  0x9a, 0x4a, 0x16, 0x00, 0x10, 0x00, 0x7e, 0x42, 0x0d, 0x49, 0x1c, 0x4a,
  0x2a, 0x00, 0xb0, 0x12, 0x30, 0xf2, 0x5c, 0x43, 0x1c, 0x9a, 0x06, 0x00,
  0x10, 0x34, 0x1c, 0x4a, 0x20, 0x00, 0x1d, 0x4c, 0x06, 0x00, 0x1d, 0x8c,
  0x08, 0x00, 0x0c, 0x4d, 0x1c, 0x5a, 0x30, 0x00, 0x8a, 0x4c, 0x32, 0x00,
  0x9a, 0x53, 0x02, 0x00, 0x0c, 0x49, 0x30, 0x40, 0x32, 0xf4, 0x9a, 0x4a,
  0x30, 0x00, 0x32, 0x00, 0x30, 0x40, 0x20, 0x95, 0x39, 0x40, 0x00, 0x89,
  0x30, 0x40, 0x24, 0x95, 0x39, 0x40, 0x00, 0x82, 0x30, 0x40, 0x24, 0x95,
  0xbd, 0x90, 0x07, 0x00, 0x06, 0x00, 0x05, 0x24, 0x1c, 0x4c, 0x18, 0x00,
  0xbc, 0x40, 0xca, 0x85, 0x72, 0x00, 0x30, 0x41, 0x4d, 0x43, 0x1c, 0x4c,
  0x18, 0x00, 0x3c, 0x52, 0xb0, 0x12, 0x58, 0x77, 0x30, 0x41, 0x0a, 0x12,
  0x0a, 0x4c, 0x5c, 0x43, 0x1c, 0x9a, 0x06, 0x00, 0x45, 0x34, 0x1c, 0x4a,
  0x20, 0x00, 0x1d, 0x4c, 0x06, 0x00, 0x1d, 0x8c, 0x08, 0x00, 0x0c, 0x4d,
  0x1c, 0x5a, 0x4a, 0x00, 0x8a, 0x4c, 0x4c, 0x00, 0x2c, 0x4a, 0x1f, 0x4a,
  0x18, 0x00, 0x5e, 0x4c, 0x2a, 0x00, 0x5e, 0xf3, 0x1d, 0x4a, 0x4c, 0x00,
  0x2d, 0x52, 0x0c, 0x4a, 0x1f, 0x4f, 0x76, 0x00, 0x8f, 0x12, 0x8a, 0x93,
  0x06, 0x00, 0x2f, 0x24, 0x7c, 0x40, 0x0c, 0x00, 0x2c, 0x52, 0x8a, 0x4c,
  0x50, 0x00, 0xba, 0x40, 0x16, 0x00, 0x4e, 0x00, 0x1c, 0x4a, 0x4c, 0x00,
  0xfc, 0x40, 0x14, 0x00, 0x00, 0x00, 0x1c, 0x4a, 0x18, 0x00, 0x8c, 0x93,
  0x20, 0x01, 0x21, 0x24, 0x2c, 0x4a, 0xdc, 0xb3, 0x2a, 0x00, 0x03, 0x20,
  0xba, 0x40, 0x0f, 0x00, 0x02, 0x00, 0x7e, 0x42, 0x4d, 0x43, 0x1c, 0x4a,
  0x44, 0x00, 0xb0, 0x12, 0x30, 0xf2, 0x9a, 0x4a, 0x20, 0x00, 0x1c, 0x00,
  0x9a, 0x4a, 0x16, 0x00, 0x12, 0x00, 0x0c, 0x4a, 0xb0, 0x12, 0x92, 0x8c,
  0x3a, 0x41, 0x30, 0x41, 0x9a, 0x4a, 0x4a, 0x00, 0x4c, 0x00, 0x30, 0x40,
  0x88, 0x95, 0x7c, 0x40, 0x24, 0x00, 0x30, 0x40, 0xac, 0x95, 0x9a, 0x53,
  0x02, 0x00, 0x30, 0x40, 0xda, 0x95, 0x0a, 0x12, 0x09, 0x12, 0x31, 0x80,
  0x0c, 0x00, 0x0a, 0x4c, 0x2d, 0x4c, 0x5e, 0x4d, 0x2a, 0x00, 0x3e, 0xe3,
  0x1f, 0x4c, 0x18, 0x00, 0x5e, 0xf3, 0x0d, 0x41, 0x1f, 0x4f, 0x76, 0x00,
  0x8f, 0x12, 0x0c, 0x4a, 0xb0, 0x12, 0xca, 0x8f, 0x0c, 0x93, 0x2c, 0x20,
  0xba, 0x90, 0x16, 0x00, 0x36, 0x00, 0x31, 0x20, 0x1d, 0x4a, 0x32, 0x00,
  0xfd, 0x90, 0x14, 0x00, 0x00, 0x00, 0x2f, 0x20, 0xba, 0x90, 0x10, 0x00,
  0x3c, 0x00, 0x2b, 0x20, 0x0b, 0x4d, 0x2b, 0x52, 0x0e, 0x41, 0x0f, 0x4d,
  0x3f, 0x50, 0x10, 0x00, 0x0d, 0x4c, 0x69, 0x4b, 0x69, 0xee, 0x4d, 0xd9,
  0x3d, 0xf0, 0xff, 0x00, 0x1b, 0x53, 0x1e, 0x53, 0x0b, 0x9f, 0xf7, 0x23,
  0x0d, 0x93, 0x19, 0x20, 0x1e, 0x4a, 0x18, 0x00, 0x8e, 0x93, 0x20, 0x01,
  0x0b, 0x24, 0x2d, 0x4a, 0xdd, 0xb3, 0x2a, 0x00, 0x03, 0x20, 0xba, 0x40,
  0x0a, 0x00, 0x02, 0x00, 0x31, 0x50, 0x0c, 0x00, 0x30, 0x40, 0x32, 0xf4,
  0x9a, 0x53, 0x02, 0x00, 0x0c, 0x4d, 0x30, 0x40, 0x98, 0x96, 0x3c, 0x40,
  0x00, 0x89, 0x30, 0x40, 0x98, 0x96, 0x3c, 0x40, 0x80, 0x81, 0x30, 0x40,
  0x98, 0x96, 0x7e, 0x40, 0x5a, 0x00, 0x4d, 0x43, 0xb0, 0x12, 0x30, 0xf2,
  0x30, 0x41, 0x7e, 0x40, 0x58, 0x00, 0x4d, 0x43, 0xb0, 0x12, 0x30, 0xf2,
  0x30, 0x41, 0x5d, 0xf3, 0x5e, 0x4c, 0x2a, 0x00, 0x5e, 0xc3, 0x4e, 0xdd,
  0xcc, 0x4e, 0x2a, 0x00, 0x30, 0x41, 0x5d, 0xf3, 0x4d, 0x5d, 0x5e, 0x4c,
  0x2a, 0x00, 0x6e, 0xc3, 0x4e, 0xdd, 0xcc, 0x4e, 0x2a, 0x00, 0x30, 0x41,
  0x7d, 0xf0, 0x03, 0x00, 0x4d, 0x5d, 0x4d, 0x5d, 0x5e, 0x4c, 0x2a, 0x00,
  0x7e, 0xf0, 0xf3, 0xff, 0x4e, 0xdd, 0xcc, 0x4e, 0x2a, 0x00, 0x30, 0x41,
  0x8c, 0x4d, 0x0c, 0x00, 0x8c, 0x4e, 0x0e, 0x00, 0x30, 0x41, 0x8c, 0x4d,
  0x08, 0x00, 0x8c, 0x4e, 0x0a, 0x00, 0x30, 0x41, 0x8c, 0x4d, 0x0e, 0x00,
  0x8c, 0x4e, 0x08, 0x00, 0x8c, 0x4f, 0x0a, 0x00, 0x9c, 0x41, 0x02, 0x00,
  0x0c, 0x00, 0x30, 0x41, 0x8c, 0x4d, 0x22, 0x00, 0x8c, 0x4e, 0x24, 0x00,
  0x30, 0x41, 0x8c, 0x4d, 0x22, 0x00, 0x8c, 0x4e, 0x24, 0x00, 0x8c, 0x4f,
  0x26, 0x00, 0x4d, 0x43, 0x4e, 0x43, 0xb0, 0x12, 0x52, 0x84, 0x30, 0x41,
  0x8c, 0x4d, 0x00, 0x00, 0x8c, 0x4d, 0x02, 0x00, 0x8c, 0x4d, 0x04, 0x00,
  0x8c, 0x4d, 0x06, 0x00, 0x30, 0x41, 0x3e, 0x90, 0x03, 0x00, 0x06, 0x20,
  0x0e, 0x9f, 0x04, 0x28, 0x0f, 0x5f, 0x0f, 0x5c, 0x8f, 0x4d, 0x00, 0x00,
  0x30, 0x41, 0x0a, 0x12, 0x09, 0x12, 0x08, 0x12, 0x07, 0x12, 0x06, 0x12,
  0x0a, 0x4c, 0x06, 0x4d, 0x09, 0x4e, 0x07, 0x4f, 0x18, 0x41, 0x0c, 0x00,
  0x0d, 0x93, 0x55, 0x24, 0x0f, 0x93, 0x53, 0x24, 0x7c, 0x40, 0x30, 0x00,
  0x0c, 0x9e, 0x4f, 0x28, 0x7d, 0x40, 0x64, 0x00, 0x0d, 0x98, 0x4b, 0x28,
  0x1c, 0x4a, 0x1a, 0x00, 0x0c, 0x93, 0x03, 0x20, 0x8a, 0x93, 0x1e, 0x00,
  0x0c, 0x24, 0x1e, 0x42, 0xaa, 0x14, 0x8e, 0x12, 0x1c, 0x4a, 0x1e, 0x00,
  0x1d, 0x42, 0xaa, 0x14, 0x8d, 0x12, 0x8a, 0x43, 0x1a, 0x00, 0x8a, 0x43,
  0x1e, 0x00, 0x0d, 0x49, 0x5c, 0x43, 0x1e, 0x42, 0xac, 0x14, 0x8e, 0x12,
  0x8a, 0x4c, 0x1a, 0x00, 0x0c, 0x93, 0x12, 0x20, 0x1c, 0x4a, 0x1a, 0x00,
  0x1d, 0x42, 0xaa, 0x14, 0x8d, 0x12, 0x1c, 0x4a, 0x1e, 0x00, 0x1e, 0x42,
  0xaa, 0x14, 0x8e, 0x12, 0x8a, 0x43, 0x1a, 0x00, 0x8a, 0x43, 0x1e, 0x00,
  0x3c, 0x40, 0x00, 0x81, 0x30, 0x40, 0x2c, 0xf4, 0x0d, 0x48, 0x5c, 0x43,
  0x1e, 0x42, 0xac, 0x14, 0x8e, 0x12, 0x8a, 0x4c, 0x1e, 0x00, 0x0c, 0x93,
  0xe5, 0x27, 0x8a, 0x49, 0x1c, 0x00, 0x8a, 0x48, 0x20, 0x00, 0x38, 0x40,
  0xde, 0xf1, 0x0e, 0x49, 0x0d, 0x46, 0x1c, 0x4a, 0x1a, 0x00, 0x88, 0x12,
  0x1e, 0x4a, 0x20, 0x00, 0x0d, 0x47, 0x1c, 0x4a, 0x1e, 0x00, 0x88, 0x12,
  0x4c, 0x43, 0x30, 0x40, 0x00, 0x98, 0x3c, 0x40, 0x00, 0x8f, 0x30, 0x40,
  0x00, 0x98, 0x0a, 0x12, 0x09, 0x12, 0x08, 0x12, 0x07, 0x12, 0x09, 0x4c,
  0x08, 0x4d, 0x0a, 0x4e, 0x0d, 0x93, 0x27, 0x24, 0x1c, 0x4c, 0x18, 0x00,
  0x0c, 0x93, 0x23, 0x24, 0x7d, 0x40, 0x30, 0x00, 0x0d, 0x9e, 0x1f, 0x28,
  0x1c, 0x4c, 0x04, 0x00, 0x0c, 0x93, 0x03, 0x24, 0x1e, 0x42, 0xaa, 0x14,
  0x8e, 0x12, 0x17, 0x49, 0x18, 0x00, 0x0d, 0x4a, 0x5c, 0x43, 0x1e, 0x42,
  0xac, 0x14, 0x8e, 0x12, 0x87, 0x4c, 0x04, 0x00, 0x0c, 0x93, 0x11, 0x24,
  0x1c, 0x49, 0x18, 0x00, 0x8c, 0x4a, 0x06, 0x00, 0x0e, 0x4a, 0x0d, 0x48,
  0x1c, 0x4c, 0x04, 0x00, 0xb0, 0x12, 0xde, 0xf1, 0x4c, 0x43, 0x30, 0x40,
  0x2e, 0xf4, 0x3c, 0x40, 0x00, 0x8f, 0x30, 0x40, 0xa2, 0x98, 0x3c, 0x40,
  0x00, 0x81, 0x30, 0x40, 0xa2, 0x98, 0x8c, 0x4d, 0x16, 0x00, 0x8c, 0x4e,
  0x18, 0x00, 0x30, 0x41, 0xcc, 0x4d, 0x26, 0x00, 0xcc, 0x4e, 0x27, 0x00,
  0x30, 0x41, 0xcc, 0x4d, 0x28, 0x00, 0xcc, 0x4e, 0x29, 0x00, 0x30, 0x41,
  0x7d, 0xf0, 0x03, 0x00, 0x4d, 0x5d, 0x4d, 0x5d, 0x4d, 0x5d, 0x4d, 0x5d,
  0x5e, 0x4c, 0x2a, 0x00, 0x7e, 0xf0, 0xcf, 0xff, 0x4e, 0xdd, 0xcc, 0x4e,
  0x2a, 0x00, 0x30, 0x41, 0x8c, 0x93, 0x34, 0x00, 0x03, 0x24, 0x1c, 0x4c,
  0x38, 0x00, 0x30, 0x41, 0x4c, 0x43, 0x30, 0x40, 0xfa, 0x98, 0x1d, 0x4c,
  0x14, 0x00, 0x0d, 0x93, 0x05, 0x24, 0x1c, 0x4d, 0x56, 0x00, 0x1d, 0x4d,
  0x58, 0x00, 0x30, 0x41, 0x1c, 0x4c, 0x16, 0x00, 0x0c, 0x93, 0x06, 0x24,
  0x1d, 0x4c, 0x58, 0x00, 0x1c, 0x4c, 0x56, 0x00, 0x30, 0x40, 0x12, 0x99,
  0x3c, 0x43, 0x3d, 0x43, 0x30, 0x40, 0x12, 0x99, 0x0c, 0x93, 0x07, 0x24,
  0x1c, 0x4c, 0x14, 0x00, 0x0c, 0x93, 0x03, 0x24, 0x2c, 0x4c, 0xb0, 0x12,
  0x18, 0x7b, 0x30, 0x41, 0x1c, 0x4c, 0x06, 0x00, 0x7d, 0x40, 0x03, 0x00,
  0x0d, 0x9c, 0x04, 0x28, 0x0c, 0x5c, 0x1c, 0x4c, 0x00, 0xa2, 0x30, 0x41,
  0x3c, 0x40, 0xd8, 0xa1, 0x30, 0x40, 0x56, 0x99, 0x1d, 0x4c, 0x1c, 0x00,
  0x0d, 0x93, 0x14, 0x24, 0x1e, 0x4d, 0x38, 0x00, 0x0e, 0x93, 0x14, 0x24,
  0x1c, 0x4e, 0x02, 0x00, 0x2c, 0x93, 0x14, 0x24, 0x2c, 0x93, 0x0e, 0x28,
  0x3c, 0x50, 0xfa, 0xff, 0x6e, 0x43, 0x0e, 0x9c, 0x09, 0x28, 0x1c, 0x4d,
  0x04, 0x00, 0x3c, 0x50, 0x05, 0x00, 0x30, 0x41, 0x7c, 0x40, 0x05, 0x00,
  0x30, 0x40, 0x8e, 0x99, 0x3c, 0x40, 0x00, 0x94, 0x30, 0x40, 0x8e, 0x99,
  0x1c, 0x4e, 0x0c, 0x00, 0x1c, 0x5d, 0x0a, 0x00, 0x30, 0x40, 0x8a, 0x99,
  0x0c, 0x93, 0x09, 0x24, 0x2d, 0x4c, 0x0d, 0x93, 0x06, 0x24, 0xdd, 0xb3,
  0x2a, 0x00, 0x07, 0x20, 0xb0, 0x12, 0xaa, 0x7b, 0x30, 0x41, 0x3c, 0x40,
  0x00, 0x8f, 0x30, 0x40, 0xc0, 0x99, 0x3c, 0x40, 0x80, 0x8f, 0x30, 0x40,
  0xc0, 0x99, 0x0a, 0x12, 0x09, 0x12, 0x0a, 0x4c, 0x0c, 0x93, 0x12, 0x24,
  0x8c, 0x93, 0x00, 0x00, 0x0f, 0x24, 0x39, 0x40, 0xac, 0x99, 0xba, 0x90,
  0x10, 0x00, 0x02, 0x00, 0x03, 0x20, 0x4c, 0x43, 0x30, 0x40, 0xfc, 0x99,
  0x0c, 0x4a, 0x89, 0x12, 0x0c, 0x93, 0xf5, 0x27, 0x30, 0x40, 0x32, 0xf4,
  0x3c, 0x40, 0x00, 0x8f, 0x30, 0x40, 0xfc, 0x99, 0x0a, 0x12, 0x09, 0x12,
  0x08, 0x12, 0x07, 0x12, 0x0a, 0x4c, 0x07, 0x4d, 0x08, 0x4e, 0x0c, 0x93,
  0x70, 0x24, 0x8c, 0x93, 0x00, 0x00, 0x6d, 0x24, 0xbc, 0x90, 0x10, 0x00,
  0x02, 0x00, 0x22, 0x20, 0x49, 0x43, 0x8a, 0x93, 0x34, 0x00, 0x4a, 0x20,
  0x1d, 0x4a, 0x26, 0x00, 0x0d, 0x93, 0x0d, 0x24, 0x1c, 0x4a, 0x22, 0x00,
  0x8d, 0x12, 0x3c, 0x93, 0x08, 0x20, 0x2c, 0x4a, 0x1d, 0x4c, 0x22, 0x00,
  0x1e, 0x4c, 0x24, 0x00, 0x0c, 0x4a, 0xb0, 0x12, 0x52, 0x84, 0x09, 0x93,
  0x17, 0x20, 0x0c, 0x4a, 0xb0, 0x12, 0xca, 0x8f, 0x0c, 0x93, 0x12, 0x24,
  0x3c, 0x90, 0x80, 0x8d, 0x0a, 0x20, 0x4c, 0x43, 0x30, 0x40, 0x7a, 0x9a,
  0xb0, 0x12, 0xd2, 0x99, 0x3c, 0x90, 0x00, 0x95, 0x04, 0x24, 0x0c, 0x93,
  0xd7, 0x27, 0x30, 0x40, 0x2e, 0xf4, 0x59, 0x43, 0x30, 0x40, 0x2a, 0x9a,
  0x8a, 0x93, 0x38, 0x00, 0x09, 0x20, 0xba, 0x90, 0x17, 0x00, 0x36, 0x00,
  0x05, 0x20, 0x0c, 0x4a, 0xb0, 0x12, 0xca, 0x8f, 0x0c, 0x93, 0xe2, 0x23,
  0x1c, 0x4a, 0x36, 0x00, 0x3c, 0x90, 0x15, 0x00, 0x2e, 0x24, 0x3c, 0x90,
  0x17, 0x00, 0x2f, 0x20, 0x9a, 0x4a, 0x32, 0x00, 0x34, 0x00, 0xba, 0x90,
  0x10, 0x00, 0x02, 0x00, 0x05, 0x20, 0x4d, 0x43, 0x4e, 0x43, 0x0c, 0x4a,
  0xb0, 0x12, 0x52, 0x84, 0x19, 0x4a, 0x38, 0x00, 0x08, 0x99, 0x01, 0x2c,
  0x09, 0x48, 0x0e, 0x49, 0x1d, 0x4a, 0x34, 0x00, 0x0c, 0x47, 0xb0, 0x12,
  0xde, 0xf1, 0x1c, 0x4a, 0x38, 0x00, 0x0c, 0x89, 0x8a, 0x4c, 0x38, 0x00,
  0x0c, 0x93, 0x05, 0x20, 0x8a, 0x4c, 0x34, 0x00, 0x0c, 0x49, 0x30, 0x40,
  0x7a, 0x9a, 0x8a, 0x59, 0x34, 0x00, 0x30, 0x40, 0xec, 0x9a, 0x3c, 0x40,
  0x00, 0x8f, 0x30, 0x40, 0x7a, 0x9a, 0x3c, 0x40, 0x00, 0x97, 0x30, 0x40,
  0x7a, 0x9a, 0x3c, 0x40, 0x00, 0x89, 0x30, 0x40, 0x7a, 0x9a, 0x0a, 0x12,
  0x09, 0x12, 0x08, 0x12, 0x0a, 0x4c, 0x08, 0x4d, 0x09, 0x4e, 0x0c, 0x93,
  0x24, 0x24, 0x8c, 0x93, 0x00, 0x00, 0x21, 0x24, 0xbc, 0x90, 0x10, 0x00,
  0x02, 0x00, 0x0f, 0x20, 0x8a, 0x93, 0x52, 0x00, 0x12, 0x20, 0x8a, 0x49,
  0x50, 0x00, 0xba, 0x40, 0x17, 0x00, 0x4e, 0x00, 0x8a, 0x48, 0x4c, 0x00,
  0x0c, 0x4a, 0xb0, 0x12, 0x92, 0x8c, 0x30, 0x40, 0x60, 0x9b, 0xb0, 0x12,
  0xd2, 0x99, 0x0c, 0x93, 0xed, 0x27, 0x30, 0x40, 0x30, 0xf4, 0x0c, 0x4a,
  0xb0, 0x12, 0xe6, 0x8b, 0x0c, 0x93, 0xf9, 0x23, 0x0c, 0x49, 0x30, 0x40,
  0x56, 0x9b, 0x3c, 0x40, 0x00, 0x8f, 0x30, 0x40, 0x56, 0x9b, 0x0c, 0x93,
  0x13, 0x24, 0x8c, 0x93, 0x00, 0x00, 0x10, 0x24, 0x8c, 0x93, 0x52, 0x00,
  0x03, 0x24, 0xb0, 0x12, 0xe6, 0x8b, 0x30, 0x41, 0xbc, 0x90, 0x10, 0x00,
  0x02, 0x00, 0x0a, 0x20, 0x4e, 0x43, 0x5d, 0x43, 0xb0, 0x12, 0x84, 0x8f,
  0x30, 0x40, 0x86, 0x9b, 0x3c, 0x40, 0x00, 0x8f, 0x30, 0x40, 0x86, 0x9b,
  0x4c, 0x43, 0x30, 0x40, 0x86, 0x9b, 0x0a, 0x12, 0x09, 0x12, 0x0a, 0x4c,
  0x0c, 0x93, 0x18, 0x24, 0x39, 0x40, 0x66, 0x69, 0x3c, 0x50, 0x38, 0x00,
  0x89, 0x12, 0x0c, 0x4a, 0x3c, 0x50, 0x68, 0x00, 0x89, 0x12, 0x39, 0x40,
  0x9a, 0x6f, 0x0c, 0x4a, 0x3c, 0x50, 0x2c, 0x00, 0x89, 0x12, 0x0c, 0x4a,
  0x3c, 0x50, 0x32, 0x00, 0x89, 0x12, 0x7d, 0x40, 0x98, 0x00, 0x0c, 0x4a,
  0xb0, 0x12, 0x40, 0x84, 0x30, 0x40, 0x32, 0xf4, 0x0a, 0x12, 0x09, 0x12,
  0x0a, 0x4c, 0x0c, 0x93, 0x15, 0x24, 0x3c, 0x52, 0xb0, 0x12, 0x34, 0x77,
  0x1c, 0x4a, 0x04, 0x00, 0x39, 0x40, 0x40, 0x84, 0x0c, 0x93, 0x08, 0x24,
  0x1d, 0x4a, 0x06, 0x00, 0x89, 0x12, 0x1c, 0x4a, 0x04, 0x00, 0x1d, 0x42,
  0xaa, 0x14, 0x8d, 0x12, 0x3d, 0x40, 0x28, 0x01, 0x0c, 0x4a, 0x89, 0x12,
  0x30, 0x40, 0x32, 0xf4, 0x0c, 0x93, 0x04, 0x24, 0x7d, 0x40, 0x5a, 0x00,
  0xb0, 0x12, 0x40, 0x84, 0x30, 0x41, 0x0a, 0x12, 0x09, 0x12, 0x0a, 0x4c,
  0x1c, 0x4c, 0x18, 0x00, 0x19, 0x4c, 0x20, 0x01, 0x1c, 0x4a, 0x14, 0x00,
  0x0c, 0x93, 0x07, 0x24, 0xb0, 0x12, 0x20, 0x9c, 0x1c, 0x4a, 0x14, 0x00,
  0x1d, 0x42, 0xaa, 0x14, 0x8d, 0x12, 0x1d, 0x4a, 0x16, 0x00, 0x8a, 0x4d,
  0x14, 0x00, 0x8a, 0x43, 0x16, 0x00, 0x2c, 0x4a, 0x1e, 0x4c, 0x12, 0x00,
  0x0e, 0x93, 0x08, 0x24, 0x8d, 0x93, 0x04, 0x00, 0x05, 0x24, 0x09, 0x93,
  0x03, 0x20, 0x1c, 0x4c, 0x14, 0x00, 0x8e, 0x12, 0x1c, 0x4a, 0x18, 0x00,
  0xb0, 0x12, 0xe8, 0x9b, 0x1c, 0x4a, 0x18, 0x00, 0x1d, 0x42, 0xaa, 0x14,
  0x8d, 0x12, 0x8a, 0x43, 0x18, 0x00, 0x1c, 0x4a, 0x1e, 0x00, 0x0c, 0x93,
  0x07, 0x24, 0xb0, 0x12, 0xaa, 0x9b, 0x1c, 0x4a, 0x1e, 0x00, 0x1d, 0x42,
  0xaa, 0x14, 0x8d, 0x12, 0x9a, 0x4a, 0x20, 0x00, 0x1e, 0x00, 0x8a, 0x43,
  0x20, 0x00, 0x9a, 0x53, 0x02, 0x00, 0x30, 0x40, 0x32, 0xf4, 0x0a, 0x12,
  0x09, 0x12, 0x08, 0x12, 0x07, 0x12, 0x0a, 0x4c, 0x1c, 0x4c, 0x20, 0x00,
  0x0c, 0x93, 0x02, 0x24, 0xb0, 0x12, 0xaa, 0x9b, 0x1c, 0x4a, 0x16, 0x00,
  0x0c, 0x93, 0x02, 0x24, 0xb0, 0x12, 0x20, 0x9c, 0x1c, 0x4a, 0x18, 0x00,
  0x0c, 0x93, 0x02, 0x24, 0xb0, 0x12, 0xe8, 0x9b, 0x8a, 0x93, 0x20, 0x00,
  0x08, 0x20, 0x7d, 0x40, 0x98, 0x00, 0x5c, 0x43, 0x1e, 0x42, 0xac, 0x14,
  0x8e, 0x12, 0x8a, 0x4c, 0x20, 0x00, 0x8a, 0x93, 0x16, 0x00, 0x08, 0x20,
  0x7d, 0x40, 0x5a, 0x00, 0x5c, 0x43, 0x1e, 0x42, 0xac, 0x14, 0x8e, 0x12,
  0x8a, 0x4c, 0x16, 0x00, 0x8a, 0x93, 0x18, 0x00, 0x08, 0x20, 0x3d, 0x40,
  0x28, 0x01, 0x5c, 0x43, 0x1e, 0x42, 0xac, 0x14, 0x8e, 0x12, 0x8a, 0x4c,
  0x18, 0x00, 0x1c, 0x4a, 0x18, 0x00, 0x0c, 0x93, 0x07, 0x24, 0x8a, 0x93,
  0x20, 0x00, 0x04, 0x24, 0x1d, 0x4a, 0x16, 0x00, 0x0d, 0x93, 0x17, 0x20,
  0x1d, 0x42, 0xaa, 0x14, 0x8d, 0x12, 0x1c, 0x4a, 0x20, 0x00, 0x1e, 0x42,
  0xaa, 0x14, 0x8e, 0x12, 0x1c, 0x4a, 0x16, 0x00, 0x1d, 0x42, 0xaa, 0x14,
  0x8d, 0x12, 0x8a, 0x43, 0x18, 0x00, 0x8a, 0x43, 0x20, 0x00, 0x8a, 0x43,
  0x16, 0x00, 0x3c, 0x40, 0x00, 0x81, 0x30, 0x40, 0x2e, 0xf4, 0x0c, 0x4d,
  0xb0, 0x12, 0xba, 0x96, 0x19, 0x4a, 0x20, 0x00, 0x38, 0x40, 0x30, 0xf2,
  0x7e, 0x40, 0x98, 0x00, 0x4d, 0x43, 0x0c, 0x49, 0x88, 0x12, 0x37, 0x40,
  0x5a, 0x69, 0x0c, 0x49, 0x3c, 0x50, 0x38, 0x00, 0x87, 0x12, 0x0c, 0x49,
  0x3c, 0x50, 0x68, 0x00, 0x87, 0x12, 0x37, 0x40, 0x8e, 0x6f, 0x0c, 0x49,
  0x3c, 0x50, 0x2c, 0x00, 0x87, 0x12, 0x0c, 0x49, 0x3c, 0x50, 0x32, 0x00,
  0x87, 0x12, 0x1a, 0x4a, 0x18, 0x00, 0x3e, 0x40, 0x28, 0x01, 0x4d, 0x43,
  0x0c, 0x4a, 0x88, 0x12, 0x09, 0x4a, 0x39, 0x52, 0x0c, 0x49, 0xb0, 0x12,
  0x28, 0x77, 0x4d, 0x43, 0x0c, 0x49, 0xb0, 0x12, 0x58, 0x77, 0xba, 0x40,
  0xd6, 0x85, 0x72, 0x00, 0xaa, 0x43, 0x00, 0x00, 0x4c, 0x43, 0x30, 0x40,
  0x66, 0x9d, 0x0a, 0x12, 0x0a, 0x4c, 0x8c, 0x4d, 0x00, 0x00, 0x3d, 0x40,
  0xa1, 0x01, 0x5c, 0x43, 0x1e, 0x42, 0xac, 0x14, 0x8e, 0x12, 0x8a, 0x4c,
  0x28, 0x00, 0x0c, 0x93, 0x0b, 0x20, 0x1c, 0x4a, 0x28, 0x00, 0x1d, 0x42,
  0xaa, 0x14, 0x8d, 0x12, 0x8a, 0x43, 0x28, 0x00, 0x3c, 0x40, 0x00, 0x81,
  0x3a, 0x41, 0x30, 0x41, 0x3d, 0x40, 0xa1, 0x01, 0x5c, 0x43, 0x1e, 0x42,
  0xac, 0x14, 0x8e, 0x12, 0x8a, 0x4c, 0x42, 0x00, 0x0c, 0x93, 0xeb, 0x27,
  0x8a, 0x4c, 0x44, 0x00, 0x0d, 0x4c, 0x3d, 0x52, 0x8a, 0x4d, 0x46, 0x00,
  0x0e, 0x4c, 0x3e, 0x50, 0x0b, 0x00, 0x8a, 0x4e, 0x48, 0x00, 0x3c, 0x50,
  0x0d, 0x00, 0x8a, 0x4c, 0x4a, 0x00, 0x8a, 0x4c, 0x4c, 0x00, 0x1c, 0x4a,
  0x28, 0x00, 0x8a, 0x4c, 0x2a, 0x00, 0x0d, 0x4c, 0x3d, 0x52, 0x8a, 0x4d,
  0x2c, 0x00, 0x0e, 0x4c, 0x3e, 0x50, 0x0b, 0x00, 0x8a, 0x4e, 0x2e, 0x00,
  0x3c, 0x50, 0x0d, 0x00, 0x8a, 0x4c, 0x30, 0x00, 0x8a, 0x4c, 0x32, 0x00,
  0x0c, 0x4a, 0xb0, 0x12, 0xb6, 0x9c, 0x30, 0x40, 0x08, 0x9e, 0x0a, 0x12,
  0x09, 0x12, 0x21, 0x83, 0x0a, 0x4c, 0x0c, 0x93, 0x1d, 0x24, 0x0d, 0x93,
  0x1b, 0x24, 0x19, 0x4c, 0x16, 0x00, 0x09, 0x93, 0x17, 0x24, 0x2c, 0x4c,
  0xdc, 0xb3, 0x2a, 0x00, 0x13, 0x20, 0x0c, 0x49, 0x81, 0x4d, 0x00, 0x00,
  0xb0, 0x12, 0x20, 0x9c, 0x7e, 0x40, 0x5a, 0x00, 0x2d, 0x41, 0x0c, 0x49,
  0xb0, 0x12, 0xde, 0xf1, 0x1c, 0x4a, 0x18, 0x00, 0x9c, 0x43, 0x20, 0x01,
  0x4c, 0x43, 0x21, 0x53, 0x30, 0x40, 0x32, 0xf4, 0x3c, 0x40, 0x00, 0x8f,
  0x30, 0x40, 0xb2, 0x9e, 0x0a, 0x12, 0x09, 0x12, 0x0a, 0x4c, 0x8c, 0x43,
  0x02, 0x00, 0x4d, 0x43, 0x4e, 0x43, 0xb0, 0x12, 0x52, 0x84, 0x8a, 0x43,
  0x56, 0x00, 0x8a, 0x43, 0x34, 0x00, 0x1c, 0x4a, 0x28, 0x00, 0x3c, 0x50,
  0x0d, 0x00, 0x8a, 0x4c, 0x32, 0x00, 0x8a, 0x43, 0x36, 0x00, 0x8a, 0x43,
  0x38, 0x00, 0x8a, 0x43, 0x3a, 0x00, 0x8a, 0x43, 0x3c, 0x00, 0x8a, 0x43,
  0x3e, 0x00, 0x8a, 0x43, 0x40, 0x00, 0x1c, 0x4a, 0x42, 0x00, 0x0d, 0x4c,
  0x3d, 0x50, 0x0d, 0x00, 0x8a, 0x4d, 0x4c, 0x00, 0x8a, 0x43, 0x4e, 0x00,
  0x8a, 0x43, 0x50, 0x00, 0x8a, 0x43, 0x52, 0x00, 0x8a, 0x43, 0x1a, 0x00,
  0x8a, 0x43, 0x1c, 0x00, 0x39, 0x40, 0x30, 0xf2, 0x3e, 0x40, 0xa1, 0x01,
  0x4d, 0x43, 0x89, 0x12, 0x3e, 0x40, 0xa1, 0x01, 0x4d, 0x43, 0x1c, 0x4a,
  0x28, 0x00, 0x89, 0x12, 0x1c, 0x4a, 0x1e, 0x00, 0x0c, 0x93, 0x09, 0x24,
  0xb0, 0x12, 0xaa, 0x9b, 0x1c, 0x4a, 0x1e, 0x00, 0x1d, 0x42, 0xaa, 0x14,
  0x8d, 0x12, 0x8a, 0x43, 0x1e, 0x00, 0x1c, 0x4a, 0x14, 0x00, 0x0c, 0x93,
  0x09, 0x24, 0xb0, 0x12, 0x20, 0x9c, 0x1c, 0x4a, 0x14, 0x00, 0x1d, 0x42,
  0xaa, 0x14, 0x8d, 0x12, 0x8a, 0x43, 0x14, 0x00, 0x0c, 0x4a, 0xb0, 0x12,
  0xb6, 0x9c, 0x30, 0x40, 0x32, 0xf4, 0x0a, 0x12, 0x09, 0x12, 0x0a, 0x4d,
  0x0c, 0x93, 0x16, 0x24, 0x0d, 0x93, 0x14, 0x24, 0x19, 0x4c, 0x14, 0x00,
  0x09, 0x93, 0x10, 0x24, 0x2c, 0x4c, 0xdc, 0xb3, 0x2a, 0x00, 0x0c, 0x20,
  0x0c, 0x4d, 0xb0, 0x12, 0x20, 0x9c, 0x7e, 0x40, 0x5a, 0x00, 0x0d, 0x49,
  0x0c, 0x4a, 0xb0, 0x12, 0xde, 0xf1, 0x4c, 0x43, 0x30, 0x40, 0x32, 0xf4,
  0x3c, 0x40, 0x00, 0x8f, 0x30, 0x40, 0xa8, 0x9f, 0x0a, 0x12, 0x09, 0x12,
  0x0a, 0x4c, 0x0c, 0x93, 0x51, 0x24, 0x1c, 0x4c, 0x42, 0x00, 0x39, 0x40,
  0x40, 0x84, 0x0c, 0x93, 0x08, 0x24, 0x3d, 0x40, 0xa1, 0x01, 0x89, 0x12,
  0x1c, 0x4a, 0x42, 0x00, 0x1d, 0x42, 0xaa, 0x14, 0x8d, 0x12, 0x1c, 0x4a,
  0x28, 0x00, 0x0c, 0x93, 0x08, 0x24, 0x3d, 0x40, 0xa1, 0x01, 0x89, 0x12,
  0x1c, 0x4a, 0x28, 0x00, 0x1d, 0x42, 0xaa, 0x14, 0x8d, 0x12, 0x1c, 0x4a,
  0x1e, 0x00, 0x0c, 0x93, 0x07, 0x24, 0xb0, 0x12, 0xaa, 0x9b, 0x1c, 0x4a,
  0x1e, 0x00, 0x1d, 0x42, 0xaa, 0x14, 0x8d, 0x12, 0x1c, 0x4a, 0x18, 0x00,
  0x0c, 0x93, 0x19, 0x24, 0xb0, 0x12, 0xe8, 0x9b, 0x1c, 0x4a, 0x20, 0x00,
  0xb0, 0x12, 0xaa, 0x9b, 0x1c, 0x4a, 0x16, 0x00, 0xb0, 0x12, 0x20, 0x9c,
  0x1c, 0x4a, 0x18, 0x00, 0x1d, 0x42, 0xaa, 0x14, 0x8d, 0x12, 0x1c, 0x4a,
  0x20, 0x00, 0x1d, 0x42, 0xaa, 0x14, 0x8d, 0x12, 0x1c, 0x4a, 0x16, 0x00,
  0x1d, 0x42, 0xaa, 0x14, 0x8d, 0x12, 0x1c, 0x4a, 0x14, 0x00, 0x0c, 0x93,
  0x07, 0x24, 0xb0, 0x12, 0x20, 0x9c, 0x1c, 0x4a, 0x14, 0x00, 0x1d, 0x42,
  0xaa, 0x14, 0x8d, 0x12, 0x7d, 0x40, 0x58, 0x00, 0x0c, 0x4a, 0x89, 0x12,
  0x30, 0x40, 0x32, 0xf4, 0x7e, 0x40, 0x2c, 0x00, 0x4d, 0x43, 0xb0, 0x12,
  0x30, 0xf2, 0x30, 0x41, 0x0a, 0x12, 0x0a, 0x4c, 0x4b, 0x4d, 0x5b, 0xf3,
  0x5c, 0x4c, 0x2a, 0x00, 0x7c, 0xf0, 0xfc, 0xff, 0x5e, 0xf3, 0x4e, 0x5e,
  0x4c, 0xdb, 0x4e, 0xdc, 0xca, 0x4e, 0x2a, 0x00, 0x0d, 0x93, 0x05, 0x20,
  0x7e, 0xf0, 0xf3, 0xff, 0x7e, 0xd2, 0xca, 0x4e, 0x2a, 0x00, 0xfa, 0x40,
  0x03, 0x00, 0x28, 0x00, 0x2f, 0x93, 0x18, 0x20, 0xfa, 0x40, 0x03, 0x00,
  0x29, 0x00, 0xfa, 0x40, 0x03, 0x00, 0x26, 0x00, 0xfa, 0x40, 0x03, 0x00,
  0x27, 0x00, 0xba, 0x40, 0xae, 0x14, 0x06, 0x00, 0xba, 0x40, 0xae, 0x14,
  0x04, 0x00, 0xba, 0x40, 0xae, 0x14, 0x02, 0x00, 0xba, 0x40, 0xae, 0x14,
  0x00, 0x00, 0x4c, 0x43, 0x3a, 0x41, 0x30, 0x41, 0xda, 0x43, 0x29, 0x00,
  0xfa, 0x40, 0x03, 0x00, 0x26, 0x00, 0xfa, 0x40, 0x03, 0x00, 0x27, 0x00,
  0xb0, 0x12, 0xba, 0x7a, 0x8a, 0x4c, 0x06, 0x00, 0x8a, 0x4c, 0x04, 0x00,
  0x8a, 0x4c, 0x02, 0x00, 0x8a, 0x4c, 0x00, 0x00, 0x30, 0x40, 0xce, 0xa0,
  0x0a, 0x12, 0x09, 0x12, 0x0a, 0x4c, 0x1c, 0x4c, 0x1a, 0x00, 0x39, 0x40,
  0x40, 0x84, 0x0c, 0x93, 0x16, 0x24, 0x1d, 0x4a, 0x1c, 0x00, 0x89, 0x12,
  0x1d, 0x4a, 0x20, 0x00, 0x1c, 0x4a, 0x1e, 0x00, 0x89, 0x12, 0x1c, 0x4a,
  0x1a, 0x00, 0x1d, 0x42, 0xaa, 0x14, 0x8d, 0x12, 0x1c, 0x4a, 0x1e, 0x00,
  0x1d, 0x42, 0xaa, 0x14, 0x8d, 0x12, 0x8a, 0x43, 0x1c, 0x00, 0x8a, 0x43,
  0x20, 0x00, 0x7d, 0x40, 0x2c, 0x00, 0x0c, 0x4a, 0x89, 0x12, 0x30, 0x40,
  0x32, 0xf4, 0x7c, 0x90, 0x03, 0x00, 0x08, 0x24, 0x6c, 0x92, 0x03, 0x20,
  0x7c, 0x40, 0x06, 0x00, 0x30, 0x41, 0x4c, 0x43, 0x30, 0x40, 0x54, 0xa1,
  0x7c, 0x40, 0x05, 0x00, 0x30, 0x40, 0x54, 0xa1, 0x3c, 0x90, 0x05, 0x00,
  0x08, 0x24, 0x3c, 0x90, 0x06, 0x00, 0x02, 0x20, 0x6c, 0x42, 0x30, 0x41,
  0x4c, 0x43, 0x30, 0x40, 0x72, 0xa1, 0x7c, 0x40, 0x03, 0x00, 0x30, 0x40,
  0x72, 0xa1, 0xcf, 0x4c, 0x00, 0x00, 0xcf, 0x4d, 0x01, 0x00, 0x30, 0x41,
  0x6e, 0x4f, 0x8c, 0x4e, 0x00, 0x00, 0x5f, 0x4f, 0x01, 0x00, 0x8d, 0x4f,
  0x00, 0x00, 0x30, 0x41, 0x63, 0x6c, 0x69, 0x65, 0x6e, 0x74, 0x20, 0x66,
  0x69, 0x6e, 0x69, 0x73, 0x68, 0x65, 0x64, 0x00, 0x73, 0x65, 0x72, 0x76,
  0x65, 0x72, 0x20, 0x66, 0x69, 0x6e, 0x69, 0x73, 0x68, 0x65, 0x64, 0x00,
  0x6d, 0x61, 0x73, 0x74, 0x65, 0x72, 0x20, 0x73, 0x65, 0x63, 0x72, 0x65,
  0x74, 0x00, 0x6b, 0x65, 0x79, 0x20, 0x65, 0x78, 0x70, 0x61, 0x6e, 0x73,
  0x69, 0x6f, 0x6e, 0x00, 0x75, 0x6e, 0x6b, 0x6e, 0x6f, 0x77, 0x6e, 0x00,
  0x53, 0x53, 0x4c, 0x76, 0x33, 0x2e, 0x30, 0x00, 0x54, 0x4c, 0x53, 0x76,
  0x31, 0x2e, 0x30, 0x00, 0x54, 0x4c, 0x53, 0x76, 0x31, 0x2e, 0x31, 0x00,
  0x54, 0x4c, 0x53, 0x76, 0x31, 0x2e, 0x32, 0x00, 0xe0, 0xa1, 0xe8, 0xa1,
  0xf0, 0xa1, 0xf8, 0xa1, 0x00, 0x00, 0x00, 0x01, 0x58, 0x00, 0x6c, 0x00,
  0x0c, 0x00, 0x00, 0x00, 0x00, 0x00, 0x01, 0x00, 0x00, 0x00, 0x00, 0x00,
  0x00, 0x00, 0x00, 0x00, 0x00, 0x00, 0x00, 0x00, 0x02, 0x00, 0x00, 0x00,
  0x00, 0x00, 0x00, 0x00, 0x00, 0x00, 0x00, 0x00, 0x00, 0x00, 0x03, 0x00,
  0x00, 0x04, 0x38, 0x00, 0xb0, 0x00, 0x0a, 0x00, 0x00, 0x00, 0x00, 0x00,
  0x04, 0x00, 0x00, 0x04, 0x58, 0x00, 0x6c, 0x00, 0x0c, 0x00, 0x00, 0x01,
  0x00, 0x00, 0x05, 0x00, 0x00, 0x08, 0x50, 0x00, 0x40, 0x00, 0x06, 0x00,
  0x00, 0x00, 0x00, 0x01, 0x06, 0x00, 0x00, 0x04, 0x58, 0x00, 0x6c, 0x00,
  0x0c, 0x00, 0x00, 0x00, 0x00, 0x00, 0x07, 0x00, 0x00, 0x08, 0x50, 0x00,
  0x40, 0x00, 0x08, 0x00, 0x01, 0x00, 0x00, 0x00, 0x08, 0x00, 0x00, 0x00,
  0x00, 0x00, 0x00, 0x00, 0x00, 0x00, 0x00, 0x00, 0x00, 0x00, 0x09, 0x00,
  0x00, 0x08, 0x24, 0x00, 0xa0, 0x00, 0x0a, 0x00, 0x00, 0x00, 0x01, 0x01,
  0x0a, 0x00, 0x00, 0x08, 0x50, 0x00, 0x40, 0x00, 0x06, 0x00, 0x00, 0x00,
  0x01, 0x01, 0x00, 0x00, 0x00, 0x00, 0x00, 0x00, 0x00, 0x00, 0x00, 0x00,
  0x00, 0x00, 0x00, 0x00, 0x01, 0x00, 0x1a, 0x77, 0x16, 0x77, 0x2b, 0xc0,
  0x2c, 0xc0, 0x00, 0x00, 0x98, 0x41, 0xb2, 0x41, 0x12, 0x42, 0x90, 0x42,
};

static const guint8 goodix_534b_recovery_hmac[32] = {
  0x76, 0x63, 0xdb, 0x91, 0x12, 0xf9, 0x26, 0x58, 0x04, 0xc3, 0xfe, 0xf5,
  0x75, 0x59, 0x8d, 0x72, 0x6d, 0x98, 0xf5, 0x2e, 0x57, 0xce, 0xbc, 0x18,
  0x80, 0x02, 0x74, 0x67, 0xca, 0xba, 0xd4, 0x12,
};
